AccX,AccY,AccZ,GyrX,GyrY,GyrZ
-0.00432547,0.00322795,0.00121971,0.0280069,-0.0231223,0.00184302
-0.0049812,0.00654912,0.000347557,0.026656,-0.0241412,0.00148852
-0.00305249,0.0119209,0.00470659,0.0202774,-0.021866,-0.00180639
0.00573899,0.00826955,0.00384092,0.0135731,-0.0121104,-0.00428628
0.0036247,0.0103531,0.00626728,0.00996248,0.00209323,-0.00605554
0.00378311,0.00885797,0.00621426,0.00561731,0.0102304,-0.0128563
0.00300624,0.00258064,0.00430193,0.0115223,0.012982,-0.0137753
0.00120024,0.00543189,0.00501359,0.00805323,0.0147867,-0.0225623
0.00107024,0.0052352,0.00860906,0.00986522,0.0120175,-0.0257151
0.00289014,0.00349164,0.00340779,0.00808966,0.00116748,-0.025721
-0.000540145,0.00582266,0.00661881,0.00974653,-0.000340597,-0.0277056
-0.00019183,0.00541329,0.00689929,0.0113047,-0.00257697,-0.0289184
0.0023782,0.00360417,0.00522428,0.0121776,-0.00594006,-0.029771
0.00561127,0.00173652,0.0025677,0.0117781,-0.0108274,-0.0306752
0.00795043,0.00115371,-9.4e-05,0.00951851,-0.0176357,-0.0320434
0.0078395,0.00320005,-0.0017861,0.00481108,-0.0267605,-0.0342885
0.00935322,2.57e-05,-0.000702912,0.00585762,-0.0170179,-0.0408311
0.00285837,0.00757384,0.00357259,0.0137315,-0.0146128,-0.0398624
-0.00491977,0.0106468,0.000270612,0.00972377,-0.0250984,-0.0367248
-0.0112255,0.00802565,0.000731704,0.0029011,-0.0388344,-0.0304437
0.00269417,-0.000932217,-0.00671313,0.000787565,-0.0434502,-0.0219129
0.00632669,-0.000504792,-0.00997489,0.00180911,-0.0373744,-0.0171098
0.00421654,0.00307477,-0.0102066,0.00229564,-0.0263765,-0.0133468
0.00181594,-0.0016914,-0.00821389,-0.00472339,-0.0182149,-0.00570565
0.00092933,-0.00525737,-0.00616143,-0.0130502,-0.0126811,0.00179366
0.00427957,-0.00333834,-0.00587501,-0.0197773,-0.0115609,0.00737049
0.0,0.0,0.0,-0.0266583,-0.0178421,0.00943058
0.00178149,-0.00341511,-0.0081554,-0.0202026,-0.0238796,0.0104027
0.0,0.0,0.0,-0.0169291,-0.0244204,0.00375308
0.00655457,-0.00176299,-0.00830462,-0.0231027,-0.0221529,0.00816015
0.0079966,0.00391614,-0.00698662,-0.0239041,-0.0133514,0.0113124
0.00933154,0.005651,-0.00166825,-0.0206822,-0.00769538,0.00817159
0.013448,0.00841284,-0.0080512,-0.017984,-0.0106262,0.0104139
0.0103044,0.00125039,-0.00642197,-0.0141185,-0.00384062,0.00996792
0.0124103,0.00310612,-0.00516854,-0.00615548,0.00349841,0.0132945
0.0151482,0.00510371,-0.00422932,-0.00404799,0.00686311,0.0124868
0.00828811,0.00721359,0.000944198,-0.001392,0.00642083,0.0120374
0.00632485,-0.00163335,-0.00384108,-0.00368228,-0.00186574,0.00664496
0.0,0.0,0.0,0.00659585,-0.0035751,0.00602105
0.0,0.0,0.0,0.00924547,-0.0139218,0.00862822
0.0,0.0,0.0,0.00111603,-0.0113316,0.0111394
0.0,0.0,0.0,-0.00221409,-0.0182085,0.0181449
-0.00121788,-0.0039745,-0.00541321,-0.00988206,-0.0293203,0.0202082
0.0,0.0,0.0,-0.0187224,-0.0266177,0.0250515
0.0065783,-0.00321203,0.00762438,-0.0219702,-0.0203024,0.0256609
0.00939902,-0.00778389,0.00811489,-0.021731,-0.0112632,0.0220794
0.00594773,-0.00402766,0.00144654,-0.0201096,-0.000391001,0.0143497
0.00533019,-0.00395298,0.00193749,-0.0139985,0.00850438,0.0119237
0.0,0.0,0.0,-0.00729096,0.011114,0.0125562
-0.00443391,0.00352955,-0.00239588,-0.00439552,0.0143532,0.0132729
-0.00280632,0.00743723,-0.00374534,-0.00840456,0.00882389,0.0148883
0.00229317,0.0100309,-0.0085647,-0.0180121,0.00297163,0.0135338
0.000913452,0.00850832,-0.00390603,-0.0203507,-0.00407411,0.0131812
0.00325542,0.00487995,-0.0105127,-0.0226484,-0.00864916,0.0139945
0.0025746,0.00250816,-0.00431096,-0.0220491,-0.0099835,0.0155259
0.00669471,-0.00213534,-0.00137832,-0.019115,-0.0104731,0.0100532
0.0,0.0,0.0,-0.0107847,-0.00689129,0.00601709
-2.72e-05,-0.00404662,-0.00582045,-0.00788902,-0.00364953,0.00673371
0.00441544,-0.00182647,-0.00773693,-0.00643515,0.00973479,0.00904094
0.0,0.0,0.0,-0.00742838,0.00865596,0.00751435
0.0,0.0,0.0,-0.0140498,-0.000176561,0.00339578
0.0,0.0,0.0,-0.0147149,-0.00253259,0.00843178
0.013718,-0.00760853,-0.0089625,-0.0139758,0.00476659,0.00571912
0.00907707,-0.0038994,-0.0090741,-0.00535482,0.0219237,0.00361621
0.00364068,0.00142598,-0.00746017,-0.00131355,0.03119,0.0120371
-0.00292092,0.00644171,-0.00488936,-0.00598497,0.0220418,0.00981156
0.00365544,0.00189447,-0.00623816,-0.00647446,0.0072628,0.00787741
0.0,0.0,0.0,-0.00196081,-0.00584947,0.00738096
0.00101024,-0.00264871,-0.00809897,0.00197636,-0.0102086,0.00497164
0.00438446,0.0029856,-0.00378231,0.00107153,-0.0112923,0.00730956
0.00697549,-0.000410676,-0.00407214,-0.002203,-0.00457971,0.00468354
0.00956474,-0.00280887,-0.00134325,-0.00187589,0.0114661,0.00778048
0.00794671,-0.00281191,-0.00461106,-0.000378578,0.0285382,0.00350944
0.00554643,-0.00391155,-0.00346001,0.000899738,0.036983,-0.000376958
0.0,0.0,0.0,-0.000308323,0.0396448,-0.00343766
0.00224489,-0.00216305,-0.00395691,0.00784417,0.0321328,-0.00440569
0.0,0.0,0.0,0.00970144,0.019456,-0.00446058
-0.00669237,0.00616503,-0.00956003,0.00713061,0.00751448,0.00177133
-0.00150486,0.00508118,-0.0045649,0.000945478,-0.0026047,0.0080906
0.0063738,0.0037899,-0.00665248,0.000275455,-1.11e-05,0.0115869
0.00388935,0.00146127,-0.00671506,-0.00346362,0.00555011,0.0140004
0.0031684,0.00206494,-0.00511512,-0.00034106,0.0124756,0.0158655
-0.00658888,0.000177622,-0.00152534,0.000366068,0.0123543,0.0135302
-0.00528914,-0.00326979,-0.00523103,0.000791667,-0.00133947,0.00925425
0.0,0.0,0.0,0.00244386,-0.0102729,0.00765825
0.0,0.0,0.0,0.00539327,-0.00950102,0.0110653
0.0,0.0,0.0,0.00730222,8.86e-05,0.00987015
0.0,0.0,0.0,0.00559029,0.0114987,0.0087654
-0.00530874,0.00457907,-0.000834909,0.00268785,0.0206208,0.00614161
-0.00487266,0.00498879,-0.00222996,0.00499369,0.0202519,0.00685751
-0.0051941,0.00254798,-0.00677426,0.000791849,0.018453,0.00695848
-0.00583586,0.00439644,0.00111942,-0.000461009,0.0174267,0.0104662
0.0,0.0,0.0,-0.00592035,0.00839447,0.00672551
0.0,0.0,0.0,-0.00721339,-0.0013109,0.00172233
-0.00426365,0.000166476,-0.00303712,-0.00859557,-0.00480529,0.000207037
-0.00459353,-0.0020026,-0.0022846,-0.00481728,-0.00789068,-0.00104894
0.0,0.0,0.0,-0.00205971,-0.00710886,-0.00536712
0.00206613,0.00581729,-0.00637088,-0.00167225,-0.00469656,-0.00537388
-0.000409814,0.00598764,-0.00156155,-0.00265751,0.00164298,-0.00727505
-0.00385787,0.00381935,-0.00560237,-0.00428674,0.00562647,-0.00413915
0.00119767,0.00475562,-0.00289641,-0.00790535,0.0074465,-0.00404807
0.0,0.0,0.0,-0.00893508,0.00389251,-0.00673162
0.0,0.0,0.0,-0.00978296,-0.00587672,-0.009039
0.0,0.0,0.0,-0.0070973,-0.00651686,-0.00968574
0.0,0.0,0.0,-0.00256943,-0.00456841,-0.0107617
0.0,0.0,0.0,0.00210727,-0.00657133,-0.0143567
0.0,0.0,0.0,0.00451421,-0.00573248,-0.0175063
0.0,0.0,0.0,0.00630144,-0.0109852,-0.0218049
0.00515669,0.00445724,-0.00790826,0.00506503,-0.00458872,-0.0186768
0.000979571,0.00687003,-0.00882368,0.00548199,0.0114535,-0.0117166
0.00183542,0.00971079,-0.00822613,-0.000234162,0.00869152,-0.00307887
-0.0122325,0.00262332,-0.00217294,-0.0108879,-0.00937401,0.00102424
-0.00764315,0.000160992,-0.00218481,-0.0160126,-0.0320447,0.00576071
0.00112277,-0.00518888,0.00280428,-0.00828219,-0.0382312,0.0109803
0.00775686,-0.00131035,0.00360773,-0.00356957,-0.0377642,0.00855003
0.0079952,-0.00208318,0.00424428,0.000629164,-0.0421785,0.00110547
0.00152798,-0.00451082,-0.00268569,0.0082731,-0.0422009,-0.00679763
-0.0115689,0.0025636,-0.00088878,0.0145205,-0.034559,-0.0104067
-0.00933844,0.0108497,-0.00444404,0.014749,-0.0246728,-0.00189591
-0.00813036,0.0171049,0.00253212,0.00886208,-0.0200048,-0.00137178
-0.00494834,0.01783,0.000449291,0.00694903,-0.0172214,-0.00209734
-0.0125704,0.0131576,0.00454257,0.00178906,-0.0176228,-0.00237645
-0.0230076,0.000301003,0.0109964,0.00435229,-0.0254723,-0.00630065
-0.0327928,-0.00721592,0.0165866,0.0112083,-0.0414354,-0.00335546
-0.044779,-0.0106601,0.0166515,0.0166812,-0.0745191,-0.00890168
-0.0548445,-0.00227499,0.0266423,0.0119329,-0.129458,-0.0139371
-0.0565928,0.0020448,0.0202214,0.0109343,-0.187487,-0.020226
-0.0556294,0.0148529,0.0206062,0.0131675,-0.232431,-0.0300357
-0.0551674,0.0188698,0.0225705,0.0121959,-0.265707,-0.0401975
-0.0558796,0.0228564,0.02776,0.0188795,-0.28785,-0.0562114
-0.0671778,0.0246937,0.0265375,0.0294067,-0.308132,-0.0787885
-0.0698766,0.022666,0.0285078,0.0399584,-0.335807,-0.10869
-0.0860006,0.0220115,0.0220323,0.0557738,-0.365596,-0.135443
-0.0992035,0.0268689,0.0217645,0.0676918,-0.398417,-0.163315
-0.109517,0.0225013,0.0106832,0.0860406,-0.455903,-0.187709
-0.121961,0.0212834,0.00707533,0.0983749,-0.516125,-0.207518
-0.132815,0.0220243,0.0128334,0.108797,-0.582254,-0.225086
-0.128673,0.0201036,0.00558572,0.102339,-0.652786,-0.245954
-0.123073,0.0162818,-0.00364483,0.112739,-0.718847,-0.267547
-0.122902,0.00924647,-0.0100741,0.129788,-0.758843,-0.286646
-0.122948,0.00745463,-0.0129967,0.149665,-0.784616,-0.298707
-0.124419,0.0173316,-0.0229105,0.161206,-0.79907,-0.303911
-0.121432,0.0157521,-0.0324085,0.160644,-0.830028,-0.303836
-0.119056,0.0262694,-0.0335491,0.151262,-0.855362,-0.309089
-0.119453,0.0202084,-0.0355613,0.152858,-0.874453,-0.302263
-0.109709,0.0237424,-0.0416524,0.14991,-0.900274,-0.291745
-0.110118,0.0198419,-0.0413596,0.150303,-0.925612,-0.279808
-0.0969043,0.0221338,-0.0415598,0.149303,-0.961133,-0.258554
-0.079713,0.0245929,-0.0428756,0.149014,-1.00184,-0.239314
-0.0693657,0.0204395,-0.0444501,0.16072,-1.05317,-0.210851
-0.0641906,0.0221183,-0.0512184,0.167998,-1.11189,-0.194664
-0.0694765,0.00944233,-0.0484515,0.178414,-1.18276,-0.177304
-0.0695769,-0.00434297,-0.0459223,0.185191,-1.26208,-0.165173
-0.0653355,-0.0206864,-0.0438699,0.185485,-1.34086,-0.160441
-0.0575812,-0.0410249,-0.0425867,0.176641,-1.41012,-0.165362
-0.0583101,-0.0498141,-0.048282,0.160137,-1.4584,-0.160255
-0.0481149,-0.0615276,-0.0564704,0.13246,-1.49056,-0.154154
-0.0456493,-0.0742416,-0.0570155,0.0993393,-1.5094,-0.143646
-0.0421329,-0.0865057,-0.0742194,0.0622339,-1.53274,-0.129782
-0.042362,-0.072467,-0.0928985,0.0242293,-1.56263,-0.111805
-0.0329853,-0.0550942,-0.115383,-0.046072,-1.59259,-0.09983
-0.0161066,-0.00949192,-0.137553,-0.131493,-1.63629,-0.0943042
-0.000685655,0.0209293,-0.146419,-0.230216,-1.7141,-0.108345
0.0294859,0.0429819,-0.140882,-0.335434,-1.79375,-0.139036
0.0906813,0.063347,-0.118921,-0.440372,-1.84303,-0.183146
0.143155,0.0554802,-0.0959918,-0.510091,-1.80653,-0.229776
0.187521,0.0332299,-0.0613993,-0.530833,-1.66465,-0.267001
0.231073,0.0120538,-0.0276711,-0.501246,-1.42891,-0.296909
0.259292,0.00210142,0.00945957,-0.395157,-0.983581,-0.340063
0.269282,-0.00309515,0.0345583,-0.261107,-0.513568,-0.384655
0.258552,-0.0100864,0.0323004,-0.150762,-0.202923,-0.418972
0.221311,-0.0111672,0.00852171,-0.0548931,0.0388097,-0.447669
0.179198,-0.00756913,-0.0204625,0.0194631,0.199509,-0.471512
0.15341,-0.000768185,-0.0377789,0.0649607,0.267214,-0.491273
0.116374,-0.000318348,-0.063955,0.0779013,0.256827,-0.510599
0.0963849,-0.0017938,-0.0696355,0.0790538,0.202432,-0.528941
0.100035,-0.00437844,-0.0679439,0.0710941,0.136613,-0.536217
0.094813,-0.0153683,-0.0674985,0.0786461,0.0779045,-0.528992
0.0947587,-0.0221778,-0.0383126,0.0796732,0.0429438,-0.514225
0.0927223,-0.0226573,-0.0163659,0.0676406,0.0176265,-0.509751
0.0896891,-0.0342731,-0.015478,0.0694083,0.0118401,-0.497256
0.0651138,-0.033468,-0.0230521,0.0839824,0.0150055,-0.460953
0.0322798,-0.0196059,-0.036803,0.0816908,-0.00562189,-0.416216
0.00450062,0.00769019,-0.0544335,0.0323283,-0.0822745,-0.378513
-0.0164393,0.0249681,-0.0706312,-0.0382844,-0.208875,-0.352703
-0.0299059,0.0437369,-0.0861464,-0.148903,-0.371724,-0.328032
-0.0350497,0.0607502,-0.0977302,-0.265951,-0.492461,-0.303019
-0.0331261,0.064883,-0.095531,-0.390824,-0.623873,-0.270502
-0.0151077,0.0783235,-0.0694414,-0.515863,-0.720579,-0.246307
0.0104804,0.0665855,-0.0534931,-0.606262,-0.759927,-0.233107
0.0195812,0.0589927,-0.0381738,-0.666595,-0.752005,-0.204275
0.0435744,0.0517231,-0.00667512,-0.682276,-0.688428,-0.161529
0.0525688,0.0534551,0.0350417,-0.667293,-0.549286,-0.120864
0.049728,0.040426,0.0472168,-0.629992,-0.419905,-0.111142
0.0415222,0.0334408,0.0654622,-0.57329,-0.263297,-0.102373
0.0246189,0.023906,0.0672005,-0.511193,-0.120406,-0.127042
0.000355005,0.020312,0.0635368,-0.434943,-0.0170765,-0.154421
-0.024627,0.00277305,0.0615895,-0.374145,0.0399184,-0.189295
-0.0356621,-0.0159842,0.0553511,-0.320644,0.0595308,-0.210457
-0.0551843,-0.0379466,0.0515007,-0.274616,0.0637428,-0.238471
-0.0770248,-0.0672467,0.0512977,-0.212836,0.0429021,-0.238422
-0.0829111,-0.0799743,0.0413469,-0.149961,0.0143303,-0.223538
-0.0984759,-0.0824785,0.031862,-0.0993197,-0.0100571,-0.211664
-0.0968306,-0.0657293,0.0283419,-0.0575394,-0.048834,-0.205337
-0.0871586,-0.0417767,0.0290004,-0.025271,-0.0872414,-0.199895
-0.0787295,-0.0226142,0.0320983,-0.00307443,-0.110489,-0.19073
-0.0808781,-0.0201825,0.0359033,0.00854247,-0.103772,-0.173277
-0.112636,-0.0527888,0.0347377,0.0144268,-0.102897,-0.134675
-0.15187,-0.10213,0.0310469,0.0114915,-0.125732,-0.0859208
-0.176344,-0.150002,0.0273907,-0.00333777,-0.19017,-0.0380284
-0.205441,-0.196025,0.0169412,-0.0188622,-0.260353,-0.00157269
-0.221822,-0.244375,-0.00272948,-0.0340538,-0.372279,0.0366961
-0.221926,-0.289034,-0.00615077,-0.0590268,-0.49312,0.0619053
-0.207191,-0.308722,-0.0105153,-0.0928848,-0.603585,0.07178
-0.177926,-0.307834,-0.00453015,-0.122469,-0.698486,0.065355
-0.148821,-0.301288,0.00956597,-0.147212,-0.775755,0.0623055
-0.134488,-0.304044,0.0292097,-0.167074,-0.833188,0.082358
-0.139641,-0.307554,0.0318032,-0.183829,-0.8451,0.103597
-0.147289,-0.319261,0.0168281,-0.193436,-0.83571,0.141868
-0.150874,-0.308678,0.00282146,-0.231299,-0.82631,0.198316
-0.151694,-0.285077,-0.00882836,-0.29572,-0.816069,0.261007
-0.151063,-0.257707,-0.0167073,-0.384622,-0.804342,0.318059
-0.150263,-0.23578,-0.0192795,-0.495566,-0.790767,0.357601
-0.15048,-0.228453,-0.0147579,-0.625773,-0.775359,0.367765
-0.147451,-0.225931,-0.000524968,-0.787891,-0.746593,0.409787
-0.133865,-0.201389,-0.00303126,-0.941203,-0.679138,0.446347
-0.121664,-0.172495,0.0116284,-1.07655,-0.636223,0.48167
-0.101531,-0.139596,0.020678,-1.16879,-0.633898,0.506658
-0.0672185,-0.0913348,0.0397177,-1.23984,-0.665121,0.54319
-0.0264469,-0.043587,0.0589271,-1.27747,-0.747878,0.60115
0.02949,-0.0001387,0.0812796,-1.30535,-0.840321,0.636288
0.069001,0.0152768,0.10649,-1.31523,-0.873083,0.640386
0.0990734,0.00588346,0.138556,-1.27789,-0.847901,0.638632
0.108201,0.0102041,0.151021,-1.20686,-0.772744,0.617841
0.12109,0.0210407,0.153603,-1.11598,-0.674196,0.584663
0.144061,0.0539168,0.150593,-1.01877,-0.611694,0.545339
0.159033,0.0855709,0.145851,-0.940911,-0.579342,0.510278
0.179927,0.103092,0.156816,-0.844333,-0.51372,0.476019
0.214049,0.138767,0.175814,-0.753242,-0.424069,0.44031
0.239781,0.157871,0.181552,-0.671159,-0.314658,0.404116
0.25989,0.178491,0.192941,-0.575117,-0.173431,0.379938
0.278698,0.206702,0.205258,-0.48913,-0.0545362,0.346708
0.296663,0.217128,0.219837,-0.38747,0.0915083,0.329285
0.300518,0.222703,0.233823,-0.279664,0.269613,0.326584
0.298635,0.210939,0.247377,-0.182454,0.452203,0.32744
0.265725,0.190288,0.238947,-0.0719938,0.672378,0.346549
0.22483,0.155783,0.207647,0.0120049,0.857512,0.409828
0.182796,0.141242,0.173627,0.0502591,0.965227,0.48792
0.157217,0.138263,0.154972,0.0532769,0.990899,0.584102
0.135549,0.14722,0.123536,0.0378154,0.977079,0.665922
0.121845,0.160579,0.108139,-0.000796169,0.946461,0.752152
0.125599,0.172635,0.106853,-0.0345825,0.918829,0.842058
0.134205,0.187978,0.109158,-0.0507686,0.918708,0.918188
0.143547,0.200897,0.120585,-0.0563116,0.944272,0.985343
0.147942,0.20871,0.131471,-0.0559355,1.00622,1.02467
0.142374,0.19808,0.149759,-0.0294846,1.13875,1.05896
0.116547,0.198472,0.162095,0.0184435,1.29029,1.08334
0.0864303,0.193509,0.155774,0.0614557,1.45409,1.07958
0.0561244,0.205632,0.147123,0.0858724,1.55352,1.0689
0.0150464,0.21374,0.143295,0.0995867,1.64711,1.05296
-0.00618812,0.221528,0.139272,0.119302,1.77049,1.04832
-0.0107396,0.259156,0.138094,0.139773,1.90952,1.0474
0.00354291,0.288725,0.11964,0.149684,2.03716,1.0302
-0.00948407,0.332751,0.0835791,0.158973,2.19286,1.00905
-0.0436975,0.406526,0.0399635,0.160715,2.35887,0.978107
-0.0987064,0.482847,-0.00732624,0.145783,2.51599,0.950383
-0.172619,0.534478,-0.0546111,0.107015,2.64454,0.939615
-0.261668,0.534202,-0.0985353,0.039738,2.72438,0.96023
-0.325463,0.50686,-0.131792,0.00427282,2.79874,1.0711
-0.382369,0.456922,-0.161626,-0.0127538,2.84985,1.24291
-0.451498,0.387703,-0.193439,-0.0266184,2.85928,1.44779
-0.55222,0.3012,-0.23083,-0.0538537,2.80768,1.65957
-0.703949,0.197946,-0.275577,-0.111317,2.67434,1.85409
-0.860002,0.040408,-0.278608,-0.169526,2.34521,2.02721
-1.02078,-0.224815,-0.262642,-0.153665,1.89462,2.1948
-1.13847,-0.524373,-0.303326,-0.099066,1.61584,2.4214
-1.21312,-0.767603,-0.303559,-0.12052,1.46806,2.61197
-1.23744,-0.976192,-0.32627,-0.230595,1.24441,2.76873
-1.2724,-1.08192,-0.311834,-0.386322,0.915665,2.64628
-1.32174,-1.17744,-0.380785,-0.549602,0.738852,2.35544
-1.39291,-1.35419,-0.654135,-0.685368,0.976098,2.0044
-1.46967,-1.45726,-0.909275,-0.789658,1.40829,1.42409
-1.58215,-1.43226,-0.949999,-0.547397,1.66766,0.584782
-1.87442,-1.15207,-0.774681,0.0849837,1.67704,-0.522476
-1.94172,-0.79917,-0.7937,0.938488,1.66868,-1.86966
-1.89277,-0.618802,-0.883539,1.68889,2.04656,-2.86582
-2.31619,-0.170232,-1.24858,2.67763,2.61584,-4.01377
-3.06127,0.395328,-1.68287,3.8707,1.88878,-4.94671
-3.26865,1.21102,-2.03674,4.98572,-0.462925,-5.70846
-2.68367,1.99677,-2.02553,5.6273,-2.46324,-6.81554
-1.85974,2.68675,-1.60724,5.93558,-3.35476,-8.07221
-1.07267,3.20516,-1.02423,5.95879,-3.23082,-9.06009
-0.400194,3.26307,-0.416952,6.04629,-2.13707,-9.56203
-0.0686579,2.98379,-0.0983876,6.32357,-0.976858,-9.5591
-0.0564652,2.61494,0.101147,6.77303,-0.400576,-9.3215
-0.0161286,2.38221,0.217387,6.80247,-0.863977,-9.07235
0.191951,2.22814,0.303178,6.17432,-1.83794,-8.98615
0.873353,1.74526,0.703661,4.80704,-2.97686,-9.16049
1.37135,1.13581,0.982051,3.43392,-3.51652,-9.37877
1.75862,0.592306,1.14559,1.97801,-3.59889,-9.5307
2.46418,-0.517047,1.32762,1.00718,-3.27226,-9.17253
2.76967,-1.33819,1.41048,0.452922,-2.59953,-8.2666
2.95116,-1.7345,1.49698,0.173338,-1.8044,-7.07187
3.31245,-2.49489,1.63389,0.150945,-1.01201,-5.19743
3.50842,-2.83746,1.55822,0.402582,-0.405611,-3.02623
3.66804,-2.89641,1.64181,0.61765,0.283448,-0.864396
3.66636,-2.7259,1.65818,0.657921,0.92144,0.932152
3.53569,-2.29812,1.71478,0.33436,1.74349,2.77133
3.2262,-1.76055,1.7089,-0.597525,2.38914,3.9768
2.77517,-1.20494,1.62306,-1.71559,2.66249,4.91723
2.44647,-0.783303,1.44378,-2.65361,2.74411,6.12377
1.89793,-0.0595798,1.17549,-3.38432,2.81108,7.36454
1.57329,0.486142,0.974841,-4.10174,2.82406,8.56474
1.49466,0.866754,1.02274,-4.40089,2.73712,9.66487
1.6029,2.01018,1.21545,-4.25571,3.1889,10.5857
1.71694,3.00865,1.04008,-3.76323,4.3317,11.1417
1.56001,3.55826,0.750241,-2.97662,5.83387,11.2171
0.830939,4.0242,-0.227742,-2.76324,6.61515,10.6492
-0.444315,4.57254,-1.21743,-3.98746,6.29005,9.81624
-2.06126,4.29325,-1.59737,-5.19962,4.35328,8.88188
-2.70066,3.37929,-1.59718,-5.32478,1.90944,8.13685
-2.39604,2.40645,-1.35545,-4.69395,-0.226176,7.7735
-2.13166,1.66391,-1.22286,-3.47578,-0.732012,7.80439
-1.85931,1.04614,-1.21652,-2.23832,0.279326,7.79582
-1.91402,0.671067,-1.12648,-1.57126,1.99187,7.57328
-2.41334,0.0675175,-1.03824,-1.61407,3.55547,7.04144
-2.99722,-0.745656,-0.957286,-1.74935,3.77794,6.50561
-3.64286,-1.87992,-1.01087,-2.1104,3.62428,6.14447
-3.94518,-3.08629,-1.00532,-2.17496,2.74818,5.64901
-3.54364,-4.03398,-0.80315,-1.42116,0.859742,4.69096
-3.11872,-4.46954,-0.731531,-1.04252,-0.333804,3.41658
-2.23382,-5.07966,-0.612532,-1.28658,0.043239,1.86516
-2.25639,-4.88169,-0.370322,-1.60873,1.13845,0.41646
-2.62606,-4.50264,-0.33262,-1.73791,2.2576,-0.545997
-3.59696,-3.65882,-0.378468,-1.27883,3.22201,-1.72553
-4.21318,-3.09324,-0.685736,-0.0685232,3.03182,-3.15553
-4.71719,-2.35241,-1.17473,1.66228,1.35623,-4.80653
-4.90474,-1.37543,-1.82669,3.54532,-0.979068,-6.45519
-5.10311,-0.0762548,-2.41572,4.85521,-3.32983,-8.22198
-5.6004,1.70998,-2.72078,5.07267,-4.84734,-10.1948
-5.14387,3.69039,-2.43158,4.8586,-5.84176,-11.947
-3.69466,4.77488,-2.15922,4.16558,-5.79668,-12.8523
-2.36019,5.26941,-1.9066,3.8472,-4.22978,-13.5204
-1.52898,6.14882,-1.65006,4.30869,-2.48951,-14.2885
-0.815928,7.07482,-1.52666,4.77048,-1.89496,-15.0845
1.57125,7.29452,-0.770895,4.81833,-1.90624,-15.4245
2.85696,6.30746,-0.132198,4.93496,-1.78641,-15.2643
3.32747,6.11955,0.276363,5.32913,-1.81758,-14.7074
3.92322,4.56326,0.88294,5.47865,-2.21473,-13.7953
4.15905,3.32726,1.22984,4.37422,-3.25406,-13.374
4.2686,2.5442,1.40295,2.74205,-3.78282,-13.2562
4.64467,0.851851,1.7902,0.596581,-3.7628,-13.3194
5.16419,-0.751935,1.89247,-1.0576,-3.01466,-12.8818
5.22046,-2.48386,1.95294,-1.47367,-2.01658,-11.584
4.61848,-3.72962,2.04119,-1.36302,-1.21835,-9.82907
3.94559,-4.61057,2.00338,-1.37355,-0.691772,-8.5742
3.45047,-5.5275,1.77313,-1.09347,-0.521849,-6.62681
3.14869,-5.81791,1.73496,0.082721,-0.681067,-3.74456
3.01404,-5.58058,1.697,0.710688,-0.612021,-0.737108
2.95446,-4.80082,1.59438,0.318142,-0.133351,1.29981
2.84095,-4.04914,1.36305,-0.55289,0.895875,2.67326
2.65295,-3.56877,1.13828,-1.29811,2.00791,4.04083
2.23906,-2.72421,0.68548,-1.78606,2.76331,5.89555
2.12069,-2.05122,0.324101,-1.93382,3.16257,8.05263
2.14941,-1.61296,0.161415,-1.90165,3.60093,9.77169
2.23491,-0.626865,-0.234572,-2.02491,4.40519,11.4896
2.22982,0.265912,-0.371193,-2.22092,5.33321,12.8999
2.40174,1.28377,-0.36433,-2.46716,6.27821,13.9914
2.49993,2.39342,-0.560806,-2.54712,6.62291,14.8454
2.74402,4.00178,-0.686344,-1.96267,6.13998,15.3922
2.11201,5.09979,-1.18871,-0.93597,5.63999,14.9253
0.602469,4.87425,-1.69995,-0.254812,5.26291,13.4772
-0.668363,4.88794,-1.69704,0.53515,4.75047,12.2765
-2.23685,4.41281,-1.1492,1.02619,4.30474,11.0234
-3.44566,3.30813,-0.9323,0.736486,2.33947,9.12012
-4.30254,2.73253,-0.968342,0.345029,0.973744,6.84206
-6.56155,1.39494,-1.16787,0.0618992,0.676763,4.48624
-7.58962,-0.560898,-0.974128,-0.123327,0.477299,2.23724
-8.10944,-3.92299,-1.07714,-0.644097,-0.0176914,-1.84846
-6.30569,-3.47233,-1.19582,0.966186,0.0195652,-3.76603
-6.28007,-0.820479,-1.23572,1.08074,1.61473,-5.70518
-6.95148,0.0333776,-1.33149,1.33606,1.99063,-7.61289
-6.50847,1.31849,-1.76151,2.61247,1.31998,-9.73648
-5.6875,2.59555,-1.82343,4.643,0.800694,-11.3925
-5.11869,4.31152,-2.17001,6.25731,-0.248981,-12.0469
-3.81348,6.92343,-2.81716,6.82892,-2.40189,-12.365
-0.334303,9.73747,-2.64249,1.74058,-6.91631,-12.7579
2.94961,9.86387,-1.95947,-4.31744,-9.2446,-13.4197
2.59449,5.59621,-1.35967,-5.13561,-7.23874,-13.9289
4.03359,5.28387,-0.733029,-1.17351,-5.94711,-13.3496
5.17376,5.84185,0.187884,-0.275856,-4.77863,-11.7564
5.76815,4.20994,0.593847,-2.32137,-4.31127,-11.0211
5.5707,2.40766,0.81366,-3.98046,-2.64357,-10.0936
3.99748,-0.00501871,0.815948,-4.84024,-1.17883,-8.07374
3.96061,-1.13962,0.979544,-5.20734,-0.713601,-6.16188
4.06061,-2.29827,1.01306,-5.73876,-0.0859785,-4.16561
3.47686,-4.15655,0.994716,-5.26054,0.756288,-2.11285
2.60308,-5.53717,1.03545,-4.36073,1.24716,-0.0171812
1.90822,-5.31546,1.06027,-3.65003,0.923009,2.17796
1.96377,-4.64808,1.08177,-3.64881,0.991223,3.894
1.7875,-3.73863,0.814739,-4.21702,2.03125,5.05666
1.38416,-2.94208,0.309733,-4.90437,2.95354,5.6987
1.06352,-2.31465,-0.209884,-5.54942,3.1674,6.14573
0.975174,-2.07855,-0.473688,-6.6993,2.92525,6.01293
0.85298,-2.27298,-0.262269,-7.44341,2.49752,5.77673
0.686366,-2.62958,0.249144,-6.57376,2.14693,6.01932
0.670835,-2.86594,0.622457,-4.76852,2.05549,6.54874
1.00045,-2.94411,1.16233,-2.17572,2.39777,7.42789
1.64411,-2.72301,1.009,1.36035,3.49951,7.9018
1.92776,-2.14509,0.657494,4.16518,4.87738,7.22617
1.83389,-1.24879,-0.277991,5.4003,5.96879,6.23966
1.59967,-1.05112,-0.60762,5.0786,6.2068,5.51749
1.66666,-1.05523,-0.705806,3.85019,5.7168,5.30085
1.87875,-1.15458,-0.832628,1.68935,4.57964,5.23241
2.08721,-1.50076,-0.827668,-0.489952,2.75068,5.34042
2.20055,-1.76693,-0.620126,-1.93423,0.843362,5.61959
2.00162,-1.92724,-0.831481,-2.61354,-1.14327,6.03453
1.866,-3.3788,-3.66887,0.815574,-3.13999,9.76611
-2.39432,8.04367,1.16295,-5.81239,-9.26213,1.65873
0.884544,12.3021,5.00079,-0.739248,-7.91997,-9.38259
6.69349,5.15956,6.77366,-2.27243,-5.42569,-0.63526
2.06841,-3.29095,3.82104,0.720362,1.54589,1.36126
0.381452,-1.58486,0.647513,7.81151,4.32465,3.99163
-0.740432,-0.177218,-1.45431,7.40794,5.61452,3.33641
-0.628941,-0.410979,-2.38614,5.35106,5.46123,2.82977
-0.526193,-0.438975,-2.12139,4.26399,4.38985,3.32657
-0.160684,-0.131417,-1.93646,2.9089,3.04856,3.13816
0.0903967,0.48521,-1.75541,0.541421,2.28355,2.30306
-1.03367,0.66557,-0.741693,-1.06409,2.12654,2.17124
-1.83605,0.903291,-0.208687,-1.71171,1.45639,2.00047
-2.02286,0.11438,-0.23172,-1.64494,-0.46858,1.9722
-0.343429,-0.212358,-0.0685603,-1.55418,-2.03681,2.46329
1.50612,-0.220622,0.647438,-1.15125,-2.99995,2.63722
2.20764,-0.121169,0.803526,-0.00161576,-1.45242,2.95282
1.78854,-0.459171,0.223086,0.948599,1.39824,2.97952
0.791211,-0.478844,-0.188522,1.16087,3.82432,2.63771
0.0761705,-0.238647,-0.510115,1.18912,5.3091,2.46859
-0.110866,-0.114444,-0.525274,0.354679,4.92043,2.01382
-0.350988,-0.0661822,-0.353507,-0.514249,3.87721,1.54736
-0.280252,0.244055,-0.0975187,-0.683567,2.35488,1.21517
-0.220013,0.418031,0.161896,-0.579621,1.3912,1.26958
-0.521948,0.28906,0.553058,-0.752744,0.210233,1.30074
-0.438479,-0.163537,0.11839,-1.0127,-1.54052,1.29225
-0.4186,-0.358576,-0.237736,-0.165836,-1.59996,1.69647
0.28989,-0.125772,-0.248026,0.633842,-1.01299,1.75943
0.781069,0.100105,-0.418174,0.230959,0.192335,1.57068
0.789196,0.19779,-0.38148,-0.792275,1.30651,1.19253
0.063744,0.0401716,0.233048,-1.81256,1.65458,0.676042
-0.365731,0.0412053,0.394799,-1.60676,1.11946,0.642693
-0.19779,0.133883,0.0621775,-0.795748,0.511694,1.07046
-0.381118,-0.355684,-0.287166,-0.170924,0.832299,1.69237
-0.31451,-0.116651,-0.181323,0.307078,0.972686,1.70303
-0.114131,0.359518,-0.327797,-0.112388,0.935766,1.54253
-0.346138,0.659354,-0.140859,-1.46895,0.596228,1.43521
-0.631567,0.471025,0.160628,-2.00585,0.115812,1.58029
-1.013,0.0215415,0.277529,-1.43657,-0.0962889,2.17174
-1.27268,-0.338039,0.311495,-0.474701,-0.0287852,3.02969
-1.24298,-0.22398,0.357867,0.164831,0.243152,3.98464
-1.27795,0.153608,0.369289,0.341746,0.0414451,4.65791
-1.44038,0.188217,0.0626261,0.292614,-0.341336,5.22792
-1.43143,0.0233781,-0.0741193,0.353758,-0.866367,5.85307
-1.37776,-0.113391,-0.291026,0.636257,-0.841139,6.62978
-1.10532,0.420017,-0.496924,0.601846,-0.30115,7.17917
-0.99093,0.7715,-0.656711,-0.0418408,-0.0395229,7.24564
-1.03111,0.550255,-0.625603,-0.516548,-0.513652,7.16263
-0.770579,0.138869,-0.59189,-0.333439,-1.10581,6.77151
-0.360862,-0.0134171,-0.481592,0.17806,-1.32959,6.09085
0.212647,0.274849,-0.30554,0.890977,-1.30142,5.43618
0.142661,0.288972,-0.157067,0.922151,-0.963131,4.2858
-0.353868,-0.118328,-0.439471,0.44099,0.0869834,3.59715
-0.928096,-0.273618,-0.416597,-0.726472,1.52476,3.04521
-1.3691,-0.545885,-0.220897,-1.21271,1.72261,2.40017
-2.27455,-1.55097,0.304296,-1.7257,0.589737,1.95967
-1.76277,-1.96551,0.0449234,-1.36582,0.162857,1.85569
-1.71451,-2.03343,0.413284,-0.0789197,-0.522245,1.80996
-1.20545,-1.75776,0.510304,0.714156,-1.67307,1.54327
-0.227306,-1.36847,-0.103802,1.999,-1.48197,2.13282
-0.380629,-1.4663,-0.513695,2.70998,-1.21725,1.7714
-0.743116,-1.47061,-0.791728,3.13446,-0.938548,0.941163
-0.419029,-0.750579,-0.967999,3.5616,-0.705434,0.125294
-0.295962,-0.0761709,-0.352245,3.45047,-0.130821,-0.177387
-0.226391,0.251015,0.0696787,2.69513,-0.0506203,-0.0992178
0.0487996,0.244482,0.191285,1.92389,-0.159539,0.0394398
0.176643,-0.172087,-0.0212273,1.02919,0.0434415,0.135907
-0.105905,-0.434594,-0.154102,1.21362,-0.00705481,-0.174101
-0.437879,-0.0605412,-0.0802743,3.04427,-0.53955,-1.19358
-1.00317,0.82954,0.108574,4.07064,-0.717687,-2.4642
-1.13258,1.2478,0.327908,4.05818,-0.697282,-3.10051
-0.358723,2.02758,0.611967,4.07682,-1.06276,-1.7672
-0.114828,2.87936,1.36162,1.3288,-0.745373,-0.580332
-0.389568,-0.544042,0.30834,-3.39416,0.771111,-1.81631
-0.435284,-1.35815,0.0227684,-2.80511,1.21036,-2.7863
-0.843548,-1.14109,0.208921,-1.13106,0.80946,-2.71324
-1.10833,-0.964102,-0.0950693,-1.03863,-0.0817262,-2.53885
-1.3565,-0.601751,0.24477,-2.02691,-0.6864,-2.22243
-1.25603,-0.467089,0.429465,-2.02998,-1.70093,-2.14291
-0.892088,-0.705086,0.260661,-2.48881,-2.35256,-2.46928
-0.535244,-0.842697,-0.218176,-3.32296,-1.66748,-2.87576
-0.710602,-0.563742,-0.375063,-3.30226,-1.13135,-3.37951
-1.00457,-0.162117,-0.446959,-2.40839,-1.60849,-4.30256
-1.16233,0.713875,-0.305081,-0.953438,-2.66099,-5.19756
-0.598446,1.49146,-0.0936005,0.363495,-3.83672,-6.01873
0.19802,1.56358,0.0806599,0.569877,-3.64719,-6.55931
1.16207,1.20738,0.305809,0.350783,-2.27861,-6.90365
1.2429,1.01347,0.148985,0.0418711,-1.31232,-7.1534
1.02484,1.11348,-0.120506,-0.268803,-0.770119,-7.30066
1.10014,1.50212,-0.212091,-0.513938,-0.708287,-7.33536
1.39562,1.60775,-0.380008,-0.659988,-0.0977883,-7.6251
1.69494,1.31034,-0.588341,-0.802108,1.0149,-8.25661
1.68995,0.71551,-0.609596,-0.829182,2.4703,-8.83356
1.29784,0.310833,-0.484386,-0.49118,4.01517,-9.24182
0.959642,0.321079,-0.384645,-0.0632739,4.78224,-9.57483
0.876362,0.514665,-0.179648,0.522942,4.6791,-9.65182
0.930928,0.664308,-0.121505,1.15476,4.30155,-9.55438
0.967814,0.614812,-0.0671781,1.84664,3.8972,-9.35168
0.953264,0.489048,-0.0224675,2.39613,3.27017,-9.04009
0.895642,0.409704,0.0103911,2.54488,2.29762,-8.60317
0.899552,0.418563,0.0287094,2.42032,1.47743,-8.21715
0.970144,0.561745,0.0382723,2.06262,0.605953,-7.68088
1.05531,0.554555,0.0562562,1.39939,-0.364368,-6.96317
1.05117,0.38076,0.0787162,0.677578,-1.09732,-6.3127
0.957432,0.20467,0.118342,-0.0668614,-1.68641,-5.73857
0.909241,0.0873024,0.145762,-0.839016,-2.0872,-5.27966
0.80071,-0.186463,0.210359,-1.65985,-2.27124,-4.79813
0.668242,-0.434233,0.300818,-2.06478,-2.15007,-4.37309
0.551627,-0.664676,0.37365,-2.05009,-1.97315,-3.99504
0.437016,-0.827593,0.401843,-1.83141,-1.75237,-3.70651
0.279959,-0.966715,0.400974,-1.40447,-1.46278,-3.36432
0.142333,-1.01502,0.342976,-0.799648,-1.17893,-2.99453
0.0693608,-1.01481,0.297927,-0.214385,-0.959664,-2.63759
0.0297554,-0.99649,0.251655,0.184607,-0.813935,-2.31968
-0.000609435,-0.964693,0.200161,0.5943,-0.672398,-1.91569
-0.0429441,-0.929071,0.116738,0.873809,-0.540349,-1.48277
-0.0925477,-0.896864,0.0715602,1.03159,-0.400181,-1.01788
-0.197159,-0.835831,0.015285,1.08573,-0.246347,-0.550464
-0.269376,-0.783069,-0.0223538,1.07624,-0.0959572,-0.149949
-0.331745,-0.739744,-0.0394889,1.06223,0.0362574,0.275123
-0.376113,-0.62221,-0.00718479,1.01654,0.10111,0.640696
-0.369871,-0.48588,0.0165732,0.97452,0.137489,0.945779
-0.382987,-0.38292,-0.00546026,1.01502,0.141168,1.20256
-0.362439,-0.0664461,-0.163564,1.17736,0.106901,1.56419
-0.217037,0.286206,-0.380378,1.25729,0.234889,1.92798
-0.00352347,0.647519,-0.489246,0.965005,0.512527,2.30052
0.253206,0.807519,-0.475602,0.0128589,0.604617,2.75906
0.441133,0.807997,-0.406605,-1.0132,0.488974,3.29895
0.614275,0.670139,-0.376319,-1.68756,0.292268,3.95496
0.788347,0.365338,-0.293243,-1.55264,0.216942,4.47114
0.955256,0.215275,-0.206153,-0.8577,0.352381,4.69989
1.14274,0.138453,-0.0815173,-0.0883744,0.62276,4.67778
1.10307,0.174232,-0.0112734,0.748301,0.97291,4.54222
1.03286,0.253762,0.0115622,1.39581,1.20249,4.33824
0.88812,0.41109,0.021435,1.73769,1.35674,4.09446
0.756931,0.483326,0.0115349,1.77085,1.38641,3.92054
0.630472,0.521099,0.0143336,1.53603,1.23021,3.78859
0.408698,0.550028,0.033721,1.04384,0.768767,3.72733
0.303784,0.50948,-0.0120749,0.446951,0.177951,3.72866
0.328807,0.450956,-0.0537694,-0.10513,-0.342609,3.67711
0.429637,0.381765,-0.070534,-0.516775,-0.687576,3.52803
0.551351,0.271658,-0.0700885,-0.849455,-0.924218,3.2698
0.589036,0.158727,-0.0595542,-1.02987,-1.00364,2.99398
0.546722,0.0847071,-0.0741047,-1.01256,-0.957674,2.78686
0.473573,0.0324914,-0.0923894,-0.941658,-0.901891,2.67215
0.430724,-0.0452372,-0.087135,-0.868949,-0.896347,2.57378
0.458865,-0.0910582,-0.0515171,-0.829288,-0.967178,2.41112
0.508592,-0.134417,-0.000250787,-0.804682,-1.04645,2.1892
0.534154,-0.209847,0.0510335,-0.784649,-1.06422,1.91157
0.496454,-0.284486,0.0679489,-0.718117,-1.00019,1.67551
0.469813,-0.370042,0.0550926,-0.52291,-0.823148,1.42608
0.450615,-0.50334,0.0427754,-0.303987,-0.595801,1.19967
0.450707,-0.565168,0.0681033,-0.0676656,-0.33845,1.00062
0.436748,-0.563827,0.0722237,0.14231,-0.0659129,0.847443
0.387628,-0.512061,0.0582005,0.335738,0.250059,0.699824
0.336509,-0.438191,0.0446861,0.453571,0.509214,0.583823
0.301001,-0.372304,0.0297175,0.526032,0.733733,0.505192
0.272761,-0.284426,0.0053307,0.571091,0.935682,0.459083
0.242331,-0.144877,-0.0359736,0.60634,1.12766,0.440549
0.204386,0.0215826,-0.0778885,0.589929,1.29648,0.451673
0.180407,0.226732,-0.10821,0.560622,1.36448,0.502863
0.19213,0.37725,-0.0978433,0.450708,1.28185,0.576698
0.25578,0.586846,-0.049442,0.281772,1.16132,0.653409
0.330765,0.594358,0.00240007,0.131398,1.18148,0.732064
0.345183,0.488626,0.0523805,0.156611,1.43584,0.795625
0.265882,0.247705,0.107466,0.305578,1.89381,0.82636
0.158096,0.137851,0.153922,0.447072,2.26095,0.811637
0.0558159,0.0610483,0.177403,0.576925,2.52482,0.755572
-0.145876,-0.0548075,0.225215,0.671456,2.55254,0.66924
-0.291659,-0.100654,0.238546,0.677754,2.32209,0.587991
-0.422318,-0.110385,0.235132,0.553197,1.86882,0.534979
-0.509962,-0.116668,0.223927,0.370179,1.361,0.531877
-0.511937,-0.124829,0.202782,0.102476,0.619561,0.574008
-0.421451,-0.13438,0.174925,-0.136995,-0.0712086,0.604046
-0.288901,-0.131092,0.149585,-0.318219,-0.59021,0.608967
-0.177386,-0.142027,0.119352,-0.398923,-0.839123,0.602622
-0.0805489,-0.140906,0.0829902,-0.404701,-0.859599,0.585597
-0.00737682,-0.13213,0.0532646,-0.349542,-0.708404,0.566748
0.0108072,-0.101332,0.0379352,-0.254247,-0.445171,0.555845
0.00967721,-0.0224358,0.013157,-0.175019,-0.185276,0.564172
-0.0134117,0.0662515,-0.00868904,-0.0876522,0.121168,0.585964
-0.0266757,0.136392,-0.024345,-0.054749,0.328682,0.603305
-0.033435,0.258234,-0.0182699,-0.0661302,0.386983,0.579797
-0.0356306,0.311769,-0.0121335,-0.122085,0.330573,0.52587
-0.0453132,0.310113,-0.00216352,-0.161998,0.227761,0.477587
-0.061789,0.227126,0.0103606,-0.187974,0.0578748,0.431408
-0.0758959,0.127918,0.0243881,-0.176424,-0.123375,0.377691
-0.0746797,0.0451992,0.0454463,-0.148142,-0.329827,0.300687
-0.0657802,-0.0181494,0.0506515,-0.12826,-0.514874,0.223015
-0.0586658,-0.0733668,0.0458461,-0.111535,-0.701823,0.135694
-0.0540078,-0.106835,0.0348744,-0.123116,-0.854037,0.0392476
-0.0386432,-0.139331,0.0117044,-0.114395,-0.949577,-0.0574139
-0.0118223,-0.140103,0.00773171,-0.103184,-1.02052,-0.123321
0.0102768,-0.129258,-0.00229822,-0.0877017,-1.06197,-0.149938
0.0462329,-0.0894168,-0.0134058,-0.0925329,-1.0174,-0.140056
0.077391,-0.0708466,-0.0204945,-0.110744,-0.889616,-0.120122
0.154665,-0.0367894,-0.0271568,-0.115528,-0.690063,-0.11391
0.183523,-0.012322,-0.0260159,-0.10452,-0.475723,-0.111578
0.190717,0.00263906,-0.0292222,-0.0714921,-0.2185,-0.0941841
0.181496,0.023327,-0.0393626,-0.0377798,-0.00649266,-0.0656149
0.150491,0.0310065,-0.0412125,2.25e-06,0.148835,-0.0391816
0.131135,0.0374537,-0.0359047,0.0166106,0.195808,-0.0176425
0.0854698,0.0369388,-0.0258012,0.0102409,0.122505,0.00573821
0.0480891,0.0304501,-0.00873518,-0.0118757,-0.0518448,0.0194199
0.0365702,0.0247102,-0.0029165,-0.0320618,-0.2825,0.0242961
0.0438108,0.0187867,0.00592966,-0.0482507,-0.49304,0.0249529
0.060306,0.0130579,0.0118633,-0.0599196,-0.668795,0.0302507
0.0766739,0.00788116,0.00878571,-0.0667677,-0.795079,0.0490468
0.109954,0.00221419,-0.00234107,-0.0799589,-0.848956,0.0730444
0.137877,-0.00483346,-0.00571974,-0.0841429,-0.82462,0.0911621
0.185793,-0.0125854,-0.0080848,-0.0712544,-0.713032,0.0944581
0.213863,-0.0344992,-0.00525184,-0.0483202,-0.500921,0.0880606
0.224645,-0.044169,-0.000517987,-0.00421895,-0.23126,0.0780519
0.192201,-0.0587983,-0.00360407,0.0520431,0.0327039,0.0640179
0.145912,-0.0534662,0.00126934,0.102443,0.23409,0.0578846
0.0960375,-0.0456834,0.00673174,0.131424,0.334986,0.0498543
0.0506697,-0.0338759,0.0104006,0.136623,0.34755,0.0494669
0.0178806,-0.0164316,0.00990517,0.115621,0.283916,0.0663262
0.00725608,-0.0172645,0.0115844,0.0862519,0.227467,0.0881675
-0.000294979,-0.0138976,0.0219149,0.0706205,0.185242,0.110626
-0.00120484,-0.00194156,0.0175067,0.0748695,0.136471,0.114081
-0.0164789,0.0152819,0.0137336,0.0787181,0.0876309,0.108598
-0.0315086,0.0274322,0.0113101,0.0740631,0.0482335,0.094224
-0.0443719,0.0308039,0.0113908,0.0623851,-0.00662792,0.099523
-0.0531978,0.0361717,0.0103043,0.0286733,-0.0812631,0.107696
-0.0516525,0.0363642,0.0132444,-0.00438175,-0.150069,0.102999
-0.0467818,0.034512,0.0162015,-0.0373257,-0.217643,0.0994359
-0.0415302,0.0197119,0.0156046,-0.0591458,-0.275186,0.102574
-0.0282711,0.0148275,0.0157679,-0.0653224,-0.283732,0.104304
-0.0169005,0.00734961,0.0144556,-0.0648653,-0.279087,0.0914692
-0.0014859,0.00825667,0.0165379,-0.0708553,-0.281632,0.0826932
0.00322173,-0.00210118,0.00732512,-0.0730567,-0.272401,0.0801475
0.0105114,-0.00335991,0.00640048,-0.0595958,-0.240384,0.0820445
0.00879533,-0.00165159,0.0112531,-0.0571844,-0.208366,0.0813866
0.0212138,-0.00365949,0.00494459,-0.0465148,-0.153229,0.0784539
0.0170905,0.00448763,0.0151316,-0.0393658,-0.106248,0.0665188
0.0311474,0.00790465,0.00766973,-0.0316165,-0.0857277,0.0542034
0.0222885,0.00392139,-0.00496886,-0.0137409,-0.048394,0.0569691
0.0144741,0.00663829,-0.00778175,-0.00383691,-0.021845,0.0561378
0.00468148,0.0135343,-0.0103655,0.00621191,0.00975497,0.0587869
-0.00386733,0.017823,-0.0159649,0.00942166,0.0192393,0.0689864
-0.0172337,0.0190535,-0.027288,-0.00112292,0.0102584,0.067079
-0.0172394,0.0119717,-0.017573,-0.0263749,-0.0620078,0.0547575
-0.0120121,0.00542581,-0.0123665,-0.0455331,-0.129256,0.0485236
-0.00205683,-0.00614399,-0.00913838,-0.0404017,-0.148914,0.062477
0.00973545,-0.0180741,-0.00671581,-0.0363028,-0.138355,0.0752828
0.020981,-0.0173082,-0.00135616,-0.0295938,-0.117306,0.0766639
0.0236053,-0.0117555,-0.0013155,-0.0163941,-0.0915054,0.0717904
0.0137736,-0.00844681,0.00302525,-0.00695078,-0.0874308,0.0637538
0.00921642,-0.00867075,-0.00093241,0.00215876,-0.0819805,0.0580801
0.00593672,-0.00494021,-0.00485621,0.0120032,-0.07403,0.0612766
0.00785232,-0.00334311,-0.0098214,0.02211,-0.057287,0.070264
0.00230506,0.00674033,-0.00361737,0.0177922,-0.0412294,0.0794396
-0.00160844,0.0103893,-0.00282376,-0.0027701,-0.0692537,0.0862546
-0.0058747,0.00643075,0.00196818,-0.0101016,-0.102657,0.0879375
-0.00432678,-0.00174004,-0.00937541,-0.0144436,-0.111679,0.0924718
0.00167525,-0.00412375,-0.00533574,-0.0100763,-0.0962985,0.0975759
0.00373101,-0.00451159,-0.00627209,-0.0033914,-0.0952591,0.0928955
0.00609451,0.00132012,-0.0038059,0.00262596,-0.0990685,0.0871173
-0.00237005,0.000579476,-0.00704634,0.00468061,-0.0868367,0.0982033
-0.00133187,0.00188756,-0.0102998,0.00113134,-0.0599059,0.0979867
0.00822134,0.00616181,-0.000747054,-0.000106186,-0.0448593,0.0852641
0.0130734,0.011086,0.00240974,-7.97e-05,-0.0251068,0.0712862
0.0129803,0.0108197,0.00609022,-0.00614263,-0.00147604,0.0681015
0.00827203,0.00733471,0.00604208,-0.00449241,0.0293713,0.0685472
0.000170326,0.00526547,0.00479752,0.000288542,0.0545562,0.0659703
-0.0101035,0.00925207,0.00488312,0.00364111,0.0611835,0.0537288
-0.0101725,0.00822568,0.00642562,0.00854388,0.0351595,0.0453988
-0.0259012,0.00832963,0.00676261,-0.000142936,-0.00430134,0.0395047
-0.0297186,0.0102148,0.00272952,-0.0122778,-0.030562,0.036879
-0.0175464,0.00130844,0.00437484,-0.0265194,-0.0488614,0.0382314
-0.00690364,0.00290501,0.0043584,-0.0314231,-0.0565335,0.0413068
0.00417756,-0.0030387,0.00421556,-0.031747,-0.0477644,0.0393652
0.0115145,-0.00101691,0.00377965,-0.0311149,-0.0204938,0.0376155
0.0093447,3.52e-05,0.00111154,-0.0321697,0.0136977,0.0327931
0.0,0.0,0.0,-0.0330517,0.043295,0.0287361
-0.00543445,0.00675893,0.000902104,-0.0319003,0.0567906,0.0293057
-0.00726209,0.00750005,-0.00210852,-0.0316138,0.0555466,0.0319802
-0.0154523,0.0153344,0.00104975,-0.0422679,0.0453767,0.0400471
-0.0166947,0.0102328,-0.000357674,-0.0588732,0.0326723,0.0492884
-0.01173,0.0048846,-0.00215239,-0.0670685,0.0132682,0.0561766
0.00149575,-0.00586408,-0.00594331,-0.0741009,-0.0102609,0.0561007
0.00597708,-0.00427854,-0.00308835,-0.0742512,-0.0127516,0.0549944
0.00953909,-0.00840175,-0.00738703,-0.0719941,-0.0119063,0.0567984
0.00631321,-0.00889796,-0.00894014,-0.068269,-0.0125116,0.0616275
0.00479049,-0.00565803,-0.0161579,-0.0697344,-0.0246266,0.063454
0.00940939,-0.00876284,-0.0109143,-0.0652988,-0.0363274,0.0769297
0.0153337,-0.0110891,-0.0137236,-0.0718298,-0.0336177,0.0838989
0.019695,-0.0113752,-0.00772337,-0.0752238,-0.020705,0.0769542
0.0169063,-0.00515831,-0.00507831,-0.0655869,0.00104013,0.0752345
0.00727891,-0.00410283,-0.00250174,-0.0637295,0.0291007,0.0684324
0.0,0.0,0.0,-0.0597405,0.0542374,0.0611343
0.00197171,-0.00813663,-0.00518792,-0.053289,0.0528184,0.0553197
0.00184361,-0.000694036,-0.0103413,-0.0555348,0.0121781,0.0554411
0.00758702,-0.00559509,-0.00938602,-0.0639505,-0.032077,0.0618579
0.0219169,-0.0204999,-0.0152004,-0.0458794,-0.0365226,0.0682087
0.0290476,-0.0138959,-0.0200215,-0.0169739,-0.00970092,0.0647381
0.0208822,-0.00900209,-0.0197977,-0.000631468,0.00552948,0.0525797
0.0121467,-0.00888878,-0.0167588,0.00383495,0.0084315,0.0522418
0.0120449,-0.00195891,-0.0144972,0.000739345,0.00162755,0.0545115
0.00741643,-0.00968063,-0.015224,-0.00437488,0.00512844,0.0566952
0.0041116,-0.0123262,-0.0126784,-0.000300143,0.0182979,0.0642952
0.0049268,-0.013926,-0.0159315,0.00205557,0.0256505,0.0744477
0.00346624,-0.0101287,-0.0110738,0.00492429,0.0401427,0.0778366
-0.00113998,-0.0120075,-0.00757107,0.00114258,0.0566911,0.069217
-0.00347873,-0.00495827,-0.00670088,0.000853486,0.0577245,0.0614758
-0.0151876,-0.00173932,-0.0152754,-0.00230959,0.0620126,0.0615961
-0.0183992,-0.00194752,-0.00544917,0.00416469,0.0398758,0.0662889
-0.0147088,-0.0022043,-0.00495176,0.00499236,0.0123553,0.0648661
-0.0138873,0.00405979,-0.00292224,0.00364503,-0.0122735,0.0639057
-0.00800717,0.00546837,-0.000721297,0.0059987,-0.0274193,0.0694785
-0.0110458,0.000441551,-0.00159184,0.00567913,-0.0262124,0.0667601
-0.0010678,-0.00187969,-0.00892057,0.0130748,-0.0287838,0.0663264
0.00312256,0.00571704,-0.00182814,0.00921554,-0.0258607,0.0587696
0.0030504,0.00753188,0.00234616,0.0127758,-0.0130025,0.0536354
-0.00168581,0.00888324,-0.00297704,0.0183251,0.00939067,0.0470308
-0.00888492,0.00666964,-0.00133679,0.0204395,0.0136749,0.0371329
-0.00747888,0.0112873,-0.00253839,0.0187773,0.000100553,0.0301435
-0.00409424,0.0019443,-0.00342753,0.016052,-0.0145698,0.0216882
0.0,0.0,0.0,0.0216038,-0.0194016,0.0171522
-0.00262423,-0.00333649,-0.00329382,0.0237304,-0.0122919,0.0184264
0.00472148,-0.0120915,-0.0037378,0.0299197,0.00389456,0.0150165
0.0,0.0,0.0,0.0382964,0.0134162,0.0088775
-0.00285587,0.00547826,0.00176039,0.0361599,0.0194822,-0.00160834
-0.00620938,0.00705624,0.00190795,0.0310062,0.0215529,-0.0113075
-0.00887569,0.00662863,-0.00333241,0.0303327,0.0190834,-0.0150906
-0.0121357,0.0144134,-0.00227609,0.031049,0.0204175,-0.00741233
-0.00604687,0.0102317,-0.00729344,0.0196491,0.021441,0.00222841
-0.00357136,0.00834131,-0.00609651,0.0108311,0.00572203,0.00616531
-0.00943167,0.00615621,-0.00553037,0.0115474,-0.00936209,0.00365267
-0.00966612,0.0150449,0.000954197,0.00606765,-0.018316,0.00415552
-0.00793939,0.00604844,0.000369804,-0.00864593,-0.0366946,0.00928722
0.00954882,0.00124598,0.00931053,-0.0144546,-0.0580456,0.00807183
0.023384,-0.00554842,0.00377104,-0.00745215,-0.0495196,0.0016682
0.0219031,-0.00139749,0.00177885,0.00679575,-0.0159939,0.00291032
0.0149694,0.00752807,0.00380087,0.00813039,0.0209638,0.001839
0.00598565,0.0110128,0.00237103,0.00793851,0.0148416,0.0034981
-0.00391672,0.0170472,0.00680642,-0.00204918,-0.0218727,0.00359471
0.00636859,0.0204921,0.00878397,-0.0182185,-0.0312789,0.0102312
0.0119053,0.0169485,0.0145698,-0.0312434,-0.0313415,0.0157349
0.0264416,0.00882649,0.0184387,-0.0294636,-0.0317084,0.0137009
0.0261836,-0.000651956,0.0147672,-0.0284572,-0.0148738,0.00134848
0.0233423,-0.000893772,0.0150192,-0.021321,0.00371116,0.000557086
0.0180009,-0.00507218,0.00983202,-0.0128017,0.0367704,-0.00602772
0.0175653,-0.00280356,0.00842761,-0.00935595,0.059485,-0.0144369
0.010865,0.00349283,0.00609392,-0.0119855,0.0522148,-0.0234403
0.00562063,0.00681913,0.00408623,-0.0183322,0.0520487,-0.0238095
0.000808449,0.00520456,0.00630242,-0.0326843,0.0368235,-0.0210801
-2.54e-05,0.00164282,0.00523282,-0.046676,0.0174825,-0.0158149
0.00665618,-0.00088495,-0.00664412,-0.0519452,0.00497083,-0.00860644
0.00132544,-0.00667256,-0.00718166,-0.045926,0.0139172,-0.00647676
0.00588494,-0.00165522,-0.0113197,-0.0465487,0.0180614,0.00317104
0.00783654,0.00117457,-0.00759529,-0.0510658,0.0083958,0.00986321
0.0084071,0.00259566,-0.00204062,-0.056425,-0.0039278,0.0142822
0.00881319,0.00337863,-0.000684792,-0.059577,-0.00775576,0.0170886
0.0102628,0.00428534,-0.00955793,-0.0574789,0.00806853,0.0189218
0.00580362,0.00468731,-0.012041,-0.0503898,0.035361,0.0185716
0.00893772,0.000936747,-0.0178076,-0.0393171,0.0421746,0.0195712
0.00546585,0.0073787,-0.0194747,-0.0424566,0.0415326,0.0213579
-0.00160074,0.00467491,-0.0170083,-0.0424128,0.0366209,0.0230284
0.00496553,0.00504339,-0.0158715,-0.048816,0.0290374,0.0232933
0.00784688,-0.00708967,-0.00832805,-0.047144,0.0339458,0.0296472
0.00564696,-0.00535083,-0.0107168,-0.0383456,0.0485589,0.0294244
0.00524371,-0.0141132,-0.00774316,-0.0286104,0.0579842,0.027318
-0.003185,-0.0131357,-0.00602843,-0.0243953,0.055544,0.014675
-0.00576172,-0.0146866,-0.00565642,-0.0257352,0.0458178,0.0138649
-0.00704378,-0.0155214,-0.00676975,-0.0179546,0.0295978,0.0133326
-0.00610846,-0.0123892,-0.0109122,-0.0104013,0.0206856,0.00836077
-0.00140153,-0.0100706,-0.0132726,-0.00884827,0.0191043,0.00635039
-0.00556865,-0.00752336,-0.0165765,-0.00396445,0.0193674,0.00249263
-0.0133618,0.00171328,-0.01651,-0.00518586,0.0121449,0.00277536
-0.00819442,-0.000162005,-0.0102779,-0.00821501,-0.00210818,0.00570522
-0.00563834,0.00530887,-0.0110654,-0.00963864,-0.010535,0.00603454
-0.000599562,0.00517225,-0.00520148,-0.00480546,-0.0176793,0.00276422
-0.0156955,0.00518203,-0.0129125,0.0127354,-0.0208547,-0.0027172
-0.0220656,0.0183325,-0.0078953,0.0128876,-0.0554865,0.000121394
-0.018823,0.0164535,-0.00380036,0.00568625,-0.0963197,0.00288691
0.0126749,0.0087862,-0.00685244,-0.00385326,-0.120275,0.0150673
0.0392127,0.00136709,0.000416437,-0.000572744,-0.0689802,0.00920924
0.0416527,-0.00719243,-0.00528583,0.0141649,0.0321179,-0.00538723
0.0216961,-0.00615418,-0.00143438,0.020802,0.105178,-0.0108873
-0.00261818,-0.00818199,0.000160415,0.0229529,0.13981,-0.0144
-0.0205083,-0.0100992,0.000652078,0.0164375,0.138057,-0.0133419
-0.0211886,-0.00872952,0.00118905,-0.00292221,0.101965,-0.00512543
-0.0249373,-0.00817597,-0.000726474,-0.00834328,0.064556,-0.00219289
-0.0222993,-0.00726646,0.00244635,-0.0083394,0.0361263,9.46e-05
-0.0152868,-0.00481433,0.000531628,-0.00689548,0.00380857,0.00430654
-0.00294821,0.00400162,0.000679199,-0.0044167,-0.0190759,0.000440073
-0.0030441,0.00650835,-0.00525505,0.00579909,-0.0369589,-0.000669465
0.0030919,0.0131457,-0.00519681,0.00925935,-0.0449237,0.000810042
0.00793768,0.0126276,-0.00361382,0.0130691,-0.0453823,0.00555841
0.0115196,0.00875175,-0.0111231,0.0105093,-0.0212018,0.0105688
0.0163958,0.00333571,-0.00783551,0.00347892,0.00834112,0.00649666
0.0165681,0.0010823,-0.00718085,0.00927337,0.0159308,0.00353017
0.0,0.0,0.0,0.0151356,0.0186156,0.00223298
0.0,0.0,0.0,0.019592,0.0291783,0.00627981
0.0,0.0,0.0,0.0286081,0.0365011,0.0104404
0.0,0.0,0.0,0.0345084,0.0270616,0.0164143
-0.00693755,0.0067488,-0.00229993,0.0348917,0.00613448,0.0219273
-0.0010686,0.00939643,0.00349347,0.0215762,-0.00869548,0.0299118
-0.00528558,0.00317788,-0.00155673,0.0238243,-0.0113822,0.0344453
0.0,0.0,0.0,0.0196231,-0.0167638,0.0376106
0.00299438,-0.00387168,-0.00498341,0.0194838,-0.00676597,0.039323
0.00550301,-0.00704634,-0.00461409,0.018417,0.0158241,0.0423739
0.00377931,-0.00886619,0.000151718,0.0192001,0.0240765,0.0343741
-0.00113487,-0.00532687,0.00241011,0.0192157,0.021299,0.0330848
-0.00685434,0.000968814,0.00339278,0.0186026,0.0089302,0.0343865
-0.0109825,0.00741959,0.00433538,0.0174998,-0.0115881,0.034161
-0.0111185,0.0114267,0.00647431,0.0160459,-0.0388115,0.0282921
-0.0103725,0.01546,0.00629328,0.0144425,-0.0524174,0.0213508
-0.00445715,0.0101066,0.00227282,0.00981586,-0.0715989,0.0178657
0.00456585,0.0070219,0.000987752,0.00999338,-0.0745232,0.012947
0.0132752,0.00507808,0.00158908,0.0129583,-0.0617241,0.00665305
0.0182472,0.00314665,0.00322788,0.0166987,-0.0337369,-0.000958681
0.0160591,9.91e-05,0.00504991,0.0192066,0.00890239,-0.00983084
0.0118492,0.0042702,0.00436005,0.0166657,0.0369176,-0.0177912
0.0062753,0.00933003,0.00367951,0.0124493,0.0517035,-0.0222313
-6.78e-06,0.00894785,0.00552278,0.00992803,0.0546537,-0.0205416
-0.0059297,0.01053,0.00124209,0.00599655,0.0415886,-0.0230544
-0.0159035,0.00971687,0.00140882,0.0116252,0.031894,-0.0260007
-0.00702216,0.0074122,-0.002295,0.0186164,0.0195987,-0.0259007
-0.0055437,0.0137167,0.000334304,0.0178094,0.0109865,-0.027983
-0.00976896,0.0183682,-0.000601065,0.0125098,-0.00293369,-0.0257252
-0.0117501,0.0128669,-0.00554688,0.000131665,-0.0139562,-0.00901858
-0.0123031,0.00689709,0.00447194,-0.00622545,-0.0250216,-0.000922245
-0.00499696,0.0113959,0.00402243,-0.0128147,-0.0412492,-6.33e-05
-0.00500952,0.00427032,0.0119399,-0.0191834,-0.0488595,0.000206778
-0.00763788,-0.000452757,0.0124582,-0.0207298,-0.043673,-0.000560534
-0.0120161,-0.000512958,0.00360001,-0.020214,-0.0351459,-0.0023364
-0.0124552,-9.43e-05,0.00623199,-0.0196027,-0.0552329,-0.00698072
-0.0128541,0.00283146,0.00299348,-0.0231628,-0.084169,-0.000829326
-0.00636113,0.0060761,-0.000852438,-0.0303176,-0.108731,0.00705902
0.0138577,0.00746,-2.72e-05,-0.0404756,-0.115706,0.00761025
0.0227994,0.00735998,-0.00290143,-0.0481304,-0.101932,0.0109772
0.0259723,0.00239551,-0.00229974,-0.0475351,-0.0672037,0.0147745
0.0207263,0.00784099,-0.00535503,-0.0425641,-0.0370897,0.0136881
0.0158188,0.00984383,-0.00604567,-0.0344931,-0.00992954,0.0135941
0.0112217,0.0066452,-0.0120614,-0.0316435,0.00202603,0.0146293
0.00213915,0.00819111,-0.00317622,-0.0389763,-0.00420946,0.0145236
0.00614091,0.0181794,-0.00225523,-0.0411912,-0.028484,0.0183925
0.00961414,0.0149448,-0.00222767,-0.0446433,-0.0464921,0.0242102
0.0147374,0.00756955,-0.00211434,-0.0448732,-0.052292,0.0282022
0.0236765,0.00514102,-0.000951692,-0.037427,-0.0399432,0.0265865
0.0268629,0.00279117,-0.00300711,-0.0323961,-0.0149227,0.0220806
0.0178183,-0.0023284,-0.00666539,-0.0279323,0.0136903,0.0120757
0.013111,-0.00607103,-0.00757022,-0.0254579,0.0378586,0.00696584
0.00459933,-0.00605208,-0.0102318,-0.0258504,0.042853,0.0064582
0.00432143,-0.0103502,-0.00691781,-0.024689,0.0426725,0.00675998
0.00363635,-0.00850034,-0.00620239,-0.0243248,0.0452858,0.0116908
0.0,0.0,0.0,-0.0280132,0.0444015,0.00577852
0.0,0.0,0.0,-0.0239264,0.0326705,0.00775938
0.00770732,-0.00188273,-0.00226415,-0.0299857,0.0325528,0.0113045
0.0122557,-0.0129997,-0.00165267,-0.0268858,0.0482339,0.0133261
0.00667211,-0.0115094,-0.010654,-0.0184132,0.0579099,0.0108599
-0.0093543,-0.0082351,-0.0168431,-0.0121846,0.0484398,0.0157156
-0.0180574,-0.00237638,-0.0155849,-0.0162659,0.0233434,0.0218086
-0.0123204,0.00280106,-0.0164424,-0.020704,-0.0151663,0.0314505
-0.00169117,0.00416577,-0.0187711,-0.0237831,-0.0342381,0.0373102
0.00640771,0.00628662,-0.00714044,-0.025988,-0.0459813,0.044049
0.00888281,-0.00169486,-0.00992668,-0.0288162,-0.0391249,0.0490982
0.00781948,-0.00213343,-0.00561291,-0.0199547,-0.027025,0.0465197
0.0101073,-0.00337589,-0.00189516,-0.0152592,0.000820134,0.0491812
0.0150192,-0.0023157,-0.00400787,-0.00507419,0.0175573,0.0440193
0.0162151,-0.00303155,-0.00360481,-0.00194021,0.0389214,0.0341978
0.00901721,-0.00227892,-0.0111944,0.000775832,0.0619053,0.0317185
-0.00543162,-0.00256437,-0.00610506,0.00319209,0.0638558,0.028371
-0.00720482,-0.00871658,-0.0049363,0.00294917,0.0527361,0.0279632
-0.00564276,0.000169098,-0.00415642,0.00520203,0.0323496,0.0226176
-0.00309767,0.00089395,-0.00572386,-0.00169984,0.0282509,0.0174641
0.00514969,-0.000211,-0.000690236,-0.0011421,0.0316499,0.0122776
0.0168766,0.00248837,-0.00394266,0.00125051,0.0507056,0.00374261
0.00867904,-0.00013119,-0.0018111,0.00819474,0.0782302,0.00699004
0.00514209,0.00106287,-0.0147068,0.00872853,0.0991694,0.00668719
-0.00469879,0.00248027,-0.0107497,0.0142011,0.109425,0.00593432
-0.0131744,0.000294805,-0.00515235,0.018733,0.103952,0.0100049
-0.0145728,0.00195909,-0.00520175,0.01091,0.0805223,0.0125299
-0.0162138,0.000873566,-0.00684949,0.010637,0.0671073,0.016069
-0.0106537,-0.00634021,-0.0102994,0.0135344,0.0469657,0.0183842
-0.00854631,-0.00536281,-0.00240989,0.0151204,0.0259976,0.0254808
-0.00418439,-0.00686365,-0.00386387,0.0209048,0.0264602,0.0280762
0.0,0.0,0.0,0.0124169,0.0277265,0.0271991
-0.00666355,-0.00120109,-0.000630926,0.00991884,0.0367676,0.0271364
-0.0106769,-0.00216335,0.00336334,0.012124,0.0413315,0.026031
-0.0154633,-0.00184047,8.29e-06,0.00824031,0.0394199,0.0252573
-0.02006,0.00249863,0.00440646,0.00564832,0.0459539,0.0241201
-0.0162937,-0.000795126,0.00457263,0.00399392,0.0470962,0.016081
-0.0150828,-0.00452381,0.00263492,-0.000505646,0.0413545,0.0104405
-0.018065,-0.00161028,0.0134837,-0.00561007,0.0493133,0.00483288
-0.0141636,-0.00417089,0.007748,-0.0034144,0.0576871,0.0059371
-0.00903258,-0.00266981,0.00772072,-0.00619761,0.0612069,0.00122793
-0.00722598,-0.000877321,0.010126,-0.00920806,0.0654143,-0.00736222
-0.0133073,-0.00256234,0.0116995,-0.00768677,0.0758487,-0.0179131
-0.0230207,-0.00103939,0.00611939,-0.00107372,0.0722159,-0.0211315
-0.0250973,2.32e-05,0.00533165,-0.00454033,0.0614992,-0.0236019
-0.0274312,0.00529718,0.00386392,-0.00843099,0.0361614,-0.02247
-0.0260051,0.00733638,0.00375105,-0.0218158,0.0172814,-0.0202615
-0.0207831,0.00607777,0.00375911,-0.0275278,-0.00638881,-0.0158801
0.0,0.0,0.0,-0.0332305,-0.00282094,-0.0111858
-0.00581367,0.00568557,0.000848865,-0.0360334,0.00174366,-0.00213495
-0.00794661,0.00869584,0.00377862,-0.0440507,-0.00874029,0.00296936
-0.0071454,0.00710332,0.00432771,-0.050084,-0.0217161,0.005389
0.0,0.0,0.0,-0.046928,-0.0246283,0.00636714
0.00526284,-0.00678086,0.001182,-0.0366739,-0.0201661,0.00332984
0.0101712,-0.00574607,0.00217327,-0.0297948,-0.000493078,-0.00301113
0.00830618,-0.00386035,0.00431042,-0.0236585,0.0158857,-0.0029727
0.00288974,-0.00118387,-0.00399454,-0.0200753,0.0275749,-0.00567072
0.00258097,-0.00289667,-0.00488053,-0.0221018,0.0415437,-0.00479609
-0.00170041,-0.00155878,-0.00640825,-0.0182862,0.0447585,-0.0029356
-0.00565191,-0.00412887,-0.0107555,-0.0210983,0.0432508,0.00786807
-0.0116068,-0.0019629,-0.010428,-0.0240576,0.0277745,0.0110221
-0.0119783,-0.00303578,-0.00809773,-0.0277647,0.005198,0.0183835
-0.00659919,-0.0033828,-0.0128284,-0.0334381,-0.0130868,0.0312229
