AccX,AccY,AccZ,GyrX,GyrY,GyrZ
-0.0124548,0.0052669,-0.0111793,0.00925081,0.00882065,-0.026473
-0.00381375,0.00904393,-0.00726986,0.00625747,0.0403707,-0.0225879
0.00541842,0.00557899,-0.0119519,0.00457271,0.0541807,-0.0188564
0.00541111,0.00773954,-0.00683388,0.00599519,0.0411262,-0.0150986
0.0130884,0.00605679,-0.0012237,0.0126574,0.0352916,-0.00491698
0.0151639,0.000859141,-0.00398186,0.0148956,0.0168864,0.00139268
0.0158778,0.0059222,-0.00346907,0.0230341,-0.00511759,0.00646237
0.00632261,0.0012151,-0.0019964,0.0310829,-0.0181814,0.00924188
0.0052899,-0.00627726,-0.00575203,0.0311821,-0.0197281,0.0129757
-0.00137682,-0.00393379,-0.00577467,0.0272088,-0.0139672,0.0134554
-0.00183187,-0.00358605,-0.00589708,0.0259479,0.00261075,0.0123591
-0.00174678,-0.000958681,-0.00599131,0.0221996,0.0161784,0.0114267
-0.00105192,0.00189686,-0.00482487,0.0174451,0.0269062,0.0110681
0.0,0.0,0.0,0.0132279,0.0366828,0.011943
0.00246787,7.76e-05,0.00621131,0.0108477,0.0405254,0.0137051
0.00204925,0.0047071,0.00849129,0.0116686,0.0351706,0.016255
0.00397687,0.00293911,0.00659826,0.0162309,0.0302512,0.0196757
0.00359388,-0.00414789,0.00524285,0.0231657,0.0236676,0.0223329
0.00243322,-0.00956267,0.0135014,0.0208804,0.0175553,0.0266381
0.00759097,-5.25e-05,0.00560233,0.0159944,0.0119112,0.0316125
0.00538671,-0.000431299,0.00271981,0.0122401,0.00524722,0.030547
0.0,0.0,0.0,0.00773088,0.0176191,0.0274981
-0.00817355,-0.00594759,0.00471188,0.00270947,0.0375944,0.0243168
-0.00395239,-0.00135738,0.0057482,-0.00472717,0.0500763,0.0241271
0.00146604,0.0025413,0.00786767,-0.00783217,0.0546249,0.0249406
0.00348703,0.0015502,0.011868,-0.00201751,0.0471417,0.0260412
0.00593142,-0.00480109,0.00651294,-0.00178188,0.0347244,0.0244652
0.0080165,-0.00218707,0.00232584,-0.00189807,0.0226669,0.0190586
0.00842594,0.000141859,-0.000268569,0.00122071,0.00982213,0.0156152
0.00936508,-0.00307149,-0.000174167,-0.000127119,0.000333186,0.0125137
0.0107806,-0.00219083,0.000641805,-0.00511382,-0.013079,0.0047114
0.0,0.0,0.0,-0.00711162,-0.0148618,0.000447636
-0.00893182,-0.00462133,0.00455503,-0.00975053,-0.00271103,-0.00479102
-0.0088817,0.00201786,-0.00126533,-0.0127944,0.0140402,-0.00371648
-0.00611692,-0.00293207,0.000684338,-0.00814521,0.0204268,-0.00122006
0.00360438,-0.00293386,0.00485467,-0.00231749,0.0327914,0.00172055
0.0101668,0.00198293,0.0049586,-0.00348787,0.0330407,0.00146407
0.0,0.0,0.0,-0.00321018,0.0225493,0.00747424
0.00393414,0.00692344,0.00492258,-0.000947403,0.0181434,0.0103558
0.0060812,0.00229645,0.00425983,0.000116548,0.0151466,0.0142623
0.0,0.0,0.0,0.000743937,0.00859924,0.0167105
0.0,0.0,0.0,-0.000649143,0.0138793,0.0165566
-0.00270698,0.0019958,-0.00591666,0.0031654,0.0182355,0.0150373
0.0,0.0,0.0,0.00647631,0.0213605,0.0146201
0.0,0.0,0.0,0.00338816,0.0198356,0.00970847
0.00245879,-0.00317961,-0.00420394,0.000152462,0.017127,0.0043119
-0.00393236,0.00166035,-0.00562863,0.00302173,0.0167023,0.00243683
0.00288042,-0.00216472,-0.00585327,0.00328181,0.0105123,0.0010546
0.0,0.0,0.0,0.00534491,-0.00247393,0.00236879
0.000200868,0.00833869,-0.00608575,0.0141011,-0.00844254,0.00914462
0.0,0.0,0.0,0.0192489,-0.00704441,0.0103312
0.00242635,0.00395536,-0.00337201,0.0222591,-0.00902217,0.0121871
0.00289078,0.00340247,-0.00384316,0.0190496,-0.0093991,0.00895127
-0.00617197,0.00284815,-0.00266965,0.0239983,0.00209851,0.00915839
-0.00711432,0.00447333,-0.00410735,0.0273484,0.0189168,0.00918376
-0.00430832,0.00544143,-0.00546647,0.0285127,0.0349533,0.00870598
-0.0021179,0.00291467,-0.00405778,0.0269054,0.0441057,0.00739846
0.00383081,-0.00461614,0.00103044,0.0245635,0.0383757,0.00669984
0.00666404,-0.00106347,-0.000464093,0.0224867,0.0264588,0.00460177
0.00514967,-0.00186735,0.000929692,0.0210535,0.00798952,0.00492683
0.00314175,-0.00245261,0.00721551,0.0266701,-0.000671152,0.00587734
-0.00206666,-0.00391126,0.00375849,0.0251803,-0.00437746,0.00917192
0.0,0.0,0.0,0.0287205,-4.99e-05,0.00883947
0.0,0.0,0.0,0.0325202,0.0105454,0.00752577
-0.00404077,-0.0106338,0.00201483,0.026463,0.0156612,0.00510914
-0.00657321,-0.0066812,0.00554674,0.014408,0.0277873,0.00787998
-0.00578498,0.00563622,0.00534542,0.0100776,0.035786,0.0122142
-0.00285912,0.00227475,0.00581697,0.0144634,0.0421339,0.0159035
-0.000420908,-0.00313038,0.011352,0.0111501,0.0514502,0.0167592
-0.00252142,-0.00353652,0.0120579,0.00781406,0.0556935,0.0186871
0.00571581,0.000201464,0.00415327,0.00552128,0.0363554,0.016256
-0.000292968,-0.00766343,0.0111935,0.0108999,0.0214296,0.0181508
-0.00145757,-0.0103472,0.00045776,0.0149363,0.020773,0.0165009
-0.00508717,-0.0118176,0.00270327,0.0163625,0.0267941,0.0157704
-0.00109415,-0.0100689,0.00220916,0.0190112,0.0302627,0.0127118
0.00645304,-0.00734651,0.0027565,0.0128051,0.018268,0.00592957
0.00556058,-0.00288683,0.00527464,0.007835,0.00879351,-0.00424351
-0.00430396,0.000535011,0.00831166,0.00114589,0.018157,-0.0116058
-0.00282801,-0.000811338,0.00588274,-0.00351135,0.0292898,-0.0147096
-0.0031379,-0.000540733,0.00636759,-0.00727079,0.0350601,-0.0153096
0.00219137,-0.00333214,0.0096931,-0.00928097,0.0324104,-0.00833268
0.00813913,-0.00703335,0.0103541,-0.0021394,0.0203657,0.000274694
0.00684261,-0.00464004,0.011653,-0.00240166,0.00902421,0.00230983
0.0129522,-0.0030604,-0.00148913,0.00131609,-0.000665511,0.00526085
0.00725428,-0.00722033,0.00208426,0.00742608,-0.0131538,0.00612458
0.00286198,-0.00634235,0.00810493,0.00483641,-0.0189286,0.00661069
0.0068738,-0.0110102,0.00348451,0.0011236,-0.0267626,0.00428228
0.00121958,0.00220013,0.00466483,-9.53e-05,-0.0242096,0.00661452
0.0,0.0,0.0,-0.00665577,-0.00904066,0.00449886
0.0,0.0,0.0,-0.0118378,0.00823011,0.00400228
0.0,0.0,0.0,-0.0160714,0.0178324,0.00343383
0.0104198,-0.00415069,0.00160436,-0.0179649,0.0156437,0.00419825
0.00513536,-0.00548106,-0.000407332,-0.0212017,0.00397221,0.00183798
0.0,0.0,0.0,-0.0208974,-0.00959181,-0.00107667
0.0,0.0,0.0,-0.0195177,-0.00748902,0.000545557
-0.00873197,-0.00740087,-0.00270583,-0.0128165,0.00575264,0.00620257
-0.00462527,-0.00172937,-0.00595519,-0.00819015,0.0133037,0.00996125
0.00178725,0.00089848,-0.0110615,-0.00189003,0.00432444,0.0134985
0.0,0.0,0.0,-0.00110835,-0.00177529,0.00970206
0.00212412,0.00540149,-0.00573037,-0.00197554,-0.0037961,0.00569513
-0.00169144,0.0014267,-0.0059933,-0.00164798,0.00407958,-0.000211321
0.000534804,0.00360322,-0.0107232,-0.000868155,0.00927546,-0.00486444
-0.00394529,-0.00198555,-0.0044102,-0.00100383,0.0147585,-0.0109542
0.00133316,-0.00220269,-0.00454309,-0.0011937,0.0170462,-0.0159164
0.00686518,-0.000720382,-0.00580092,-0.00204209,0.0143033,-0.0186941
0.0,0.0,0.0,-0.004154,0.00469443,-0.0182307
0.00364054,-0.00151473,0.00323019,0.000980896,-0.0215631,-0.0142911
0.0,0.0,0.0,0.000940789,-0.036777,-0.011078
0.0,0.0,0.0,0.00419938,-0.0375567,-0.00915628
-0.00198543,-0.00864416,5.93e-05,0.00989438,-0.0194088,0.000196853
-0.00186971,-0.00810057,0.00236574,0.0086172,-0.00831892,0.00530901
-0.00290942,-0.00209886,0.0046169,0.00644586,-0.00939311,0.00855632
-0.00461453,0.00229621,0.0034278,0.00144313,-0.0112132,0.0124209
-0.0111847,0.00410271,0.00111044,-0.000497838,0.0117427,0.0163468
-0.0111631,0.00347137,0.000874634,-0.000426035,0.0371475,0.021208
0.00690655,0.000559092,0.00593166,0.000618704,0.0426735,0.0278776
0.0172641,0.000832796,0.0084524,-0.00451997,0.0237396,0.0273655
0.0164129,0.0042758,0.0044377,-0.00230735,0.00613739,0.0234745
0.0150772,0.00457132,0.00694856,-0.00148442,-0.00734361,0.0181781
0.0121501,-0.0024485,0.0048639,-0.00110245,-0.0130735,0.0105573
0.0147419,0.00738955,0.0127978,0.00419253,-0.0236581,0.00507145
0.0196596,0.0157851,0.0141906,0.00412905,-0.0430766,-0.00187683
0.0207674,0.0135827,0.0171405,0.00703693,-0.0508614,-0.00527673
0.0177763,0.0151415,0.0203424,0.00974063,-0.0446271,-0.0119773
0.0190933,0.00530624,0.0183356,0.0115227,-0.0428905,-0.00652737
0.0204355,-0.00550961,0.0225603,0.00629828,-0.0408422,-0.00383168
0.037424,-0.00756145,0.0227704,0.00481548,-0.0383313,-0.000311928
0.0354317,-0.00592583,0.0225169,0.00377202,-0.0435721,0.00552961
0.0428191,0.00143337,0.0280365,0.00351934,-0.0599842,0.00864199
0.0438155,-0.00717151,0.0238783,0.000686883,-0.0821776,0.0122281
0.0430801,5.96e-06,0.0324414,0.00813114,-0.106609,0.0192387
0.0460311,0.000701666,0.0351291,0.0162907,-0.107162,0.0222701
0.0359894,0.00405252,0.0355683,0.0129237,-0.111045,0.0163688
0.04843,0.0105317,0.030431,0.024884,-0.118506,0.0187708
0.047528,0.00354195,0.0293884,0.0283038,-0.11693,0.0221192
0.0603109,0.000210762,0.0311618,0.0258123,-0.134437,0.0284395
0.0684605,-0.00324947,0.0332414,0.0366543,-0.169752,0.0383966
0.0708912,-0.00123668,0.0275495,0.0409943,-0.215556,0.038938
0.0734722,0.00266278,0.0290858,0.0470628,-0.257163,0.0299829
0.0712085,0.0124295,0.0252834,0.0573358,-0.3017,0.0168693
0.0823732,0.0162158,0.0271037,0.066174,-0.35111,0.00571738
0.0846883,0.0238802,0.0238183,0.073314,-0.41079,-0.0126065
0.0839536,0.0373554,0.0209118,0.0865262,-0.468886,-0.0332055
0.0812459,0.0332552,0.0211759,0.100984,-0.511271,-0.0503381
0.0737097,0.0308295,0.0162951,0.110071,-0.550304,-0.0788521
0.0596894,0.0171058,0.015235,0.115775,-0.568001,-0.101064
0.0519218,0.019362,-0.00246369,0.126657,-0.572708,-0.112447
0.0569519,0.0246544,-0.0134628,0.157414,-0.574471,-0.104117
0.0625834,0.0165784,-0.0279241,0.185611,-0.584659,-0.108043
0.0572597,0.00370228,-0.0348752,0.198472,-0.605048,-0.130739
0.0472212,-0.00482482,-0.0377503,0.217316,-0.628771,-0.168478
0.0329337,-0.00842714,-0.0422722,0.23009,-0.630706,-0.222309
0.016434,-0.00382799,-0.0428288,0.235976,-0.596454,-0.272566
-0.00668585,-0.000573635,-0.0356813,0.248379,-0.520934,-0.341602
-0.0199464,-0.00176495,-0.0315058,0.256822,-0.396994,-0.416706
-0.0249068,-0.00439525,-0.0379993,0.264702,-0.236782,-0.494802
-0.0259793,-0.00495934,-0.0494108,0.275541,-0.0846709,-0.549051
-0.0135696,-0.0138911,-0.0509471,0.327038,0.0809453,-0.589105
-0.00659336,-0.0306976,-0.0558423,0.340249,0.191845,-0.635552
0.0180803,-0.0399053,-0.0579469,0.326049,0.242848,-0.702297
0.0439798,-0.0407686,-0.0578739,0.307932,0.23425,-0.766456
0.0553429,-0.0352799,-0.0511439,0.287851,0.187381,-0.822283
0.0585176,-0.00855762,-0.0367672,0.288684,0.0953178,-0.875591
0.0579901,0.019183,-0.0258032,0.301885,-0.0191513,-0.919909
0.0576906,0.0277255,-0.0295397,0.319724,-0.133098,-0.948441
0.0560521,0.0246983,-0.029798,0.322749,-0.238017,-0.96325
0.0477718,0.0156387,-0.0399894,0.319056,-0.354609,-0.96161
0.0418881,0.00353336,-0.0462181,0.314672,-0.480311,-0.93986
0.0263186,-0.0217459,-0.0614382,0.266004,-0.653008,-0.900567
0.00564525,-0.04746,-0.0778507,0.20074,-0.806985,-0.858034
-0.0153036,-0.061133,-0.0874612,0.149265,-0.877496,-0.825355
-0.0431208,-0.0652399,-0.0917296,0.0991287,-0.913364,-0.778468
-0.0740537,-0.063796,-0.0933321,0.057797,-0.907441,-0.719921
-0.104412,-0.0609239,-0.0948906,0.0328966,-0.852758,-0.65204
-0.118721,-0.0540119,-0.10088,0.0413593,-0.729852,-0.543007
-0.136168,-0.0545025,-0.0999996,0.0510641,-0.57737,-0.426081
-0.125547,-0.0434718,-0.0984038,0.0642138,-0.411913,-0.307933
-0.100938,-0.0361092,-0.0945145,0.0800254,-0.266739,-0.193422
-0.07276,-0.0374521,-0.0849162,0.0863062,-0.168927,-0.102591
-0.0393078,-0.0332101,-0.0792197,0.0720564,-0.11126,-0.0186807
-0.0144066,-0.0351938,-0.0697542,0.0420343,-0.108112,0.0367188
0.004865,-0.0326705,-0.0672096,0.00544854,-0.125362,0.075792
0.0166569,-0.028305,-0.0645374,-0.0355833,-0.154812,0.103207
0.0190552,-0.0247754,-0.0546919,-0.0789893,-0.188272,0.12366
0.0164166,-0.00648105,-0.0437176,-0.118958,-0.212799,0.146044
0.0249782,-0.000321627,-0.0362258,-0.145957,-0.214432,0.163342
0.0289697,0.00708985,-0.0223277,-0.17094,-0.20868,0.173847
0.0312355,0.014631,-0.00645487,-0.201376,-0.190176,0.183799
0.0409398,0.0259868,0.000992564,-0.222619,-0.168837,0.195308
0.053085,0.031049,0.0174236,-0.254093,-0.156877,0.193514
0.0618912,0.0362728,0.0265441,-0.276258,-0.141471,0.183922
0.0632946,0.0374552,0.0249438,-0.299481,-0.149224,0.165977
0.0539515,0.0478458,0.0309111,-0.318896,-0.16423,0.144942
0.0425566,0.0593685,0.0427432,-0.328283,-0.175309,0.129613
0.0378687,0.0639939,0.058888,-0.321573,-0.171129,0.128704
0.0366412,0.0611261,0.0723338,-0.308804,-0.164167,0.136147
0.0402479,0.0552874,0.0858794,-0.30141,-0.171825,0.147311
0.0409921,0.0576932,0.0949192,-0.293588,-0.203407,0.166105
0.0333742,0.0525055,0.103865,-0.289023,-0.237897,0.186109
0.0250614,0.0408832,0.109172,-0.280935,-0.26651,0.204032
0.0280899,0.0191138,0.104781,-0.271408,-0.290987,0.225566
0.0208849,-0.0107551,0.105816,-0.259002,-0.323425,0.242966
0.0115206,-0.030852,0.099989,-0.258381,-0.375809,0.255502
0.00347417,-0.0270178,0.109675,-0.256549,-0.429108,0.274958
-0.00243171,-0.0107509,0.128606,-0.252062,-0.488473,0.299892
-0.00513981,0.0063976,0.150678,-0.243392,-0.559048,0.328965
-0.00332538,0.0128393,0.169931,-0.228923,-0.645963,0.360958
0.00843822,-0.0129202,0.174974,-0.195433,-0.773139,0.403386
0.0211416,-0.0529125,0.177195,-0.175489,-0.88923,0.429588
0.0321804,-0.106974,0.177544,-0.180704,-0.977341,0.427128
0.0360123,-0.153339,0.180616,-0.196391,-1.08535,0.423515
0.0459719,-0.189613,0.1861,-0.221207,-1.21155,0.432597
0.0501931,-0.225191,0.192164,-0.247842,-1.36011,0.452078
0.0371189,-0.269752,0.196449,-0.268831,-1.53508,0.480059
0.00187433,-0.29667,0.197546,-0.281898,-1.67338,0.514639
-0.0269015,-0.300043,0.188424,-0.28763,-1.74424,0.576147
-0.076706,-0.282634,0.172069,-0.285919,-1.7283,0.641388
-0.0856116,-0.243964,0.156857,-0.274442,-1.60479,0.73804
-0.0802711,-0.231357,0.150294,-0.234547,-1.43566,0.829959
-0.0574422,-0.224958,0.153547,-0.220378,-1.32449,0.883614
-0.0260162,-0.220178,0.162258,-0.228407,-1.2625,0.907593
0.00531605,-0.212741,0.171522,-0.255693,-1.24083,0.91053
0.028052,-0.198725,0.175847,-0.300036,-1.25054,0.901105
0.0338123,-0.174594,0.169165,-0.360129,-1.28255,0.888006
0.0234339,-0.14883,0.130585,-0.415235,-1.32665,0.863086
-0.00972226,-0.129981,0.0905008,-0.457304,-1.35616,0.840041
-0.0613052,-0.102944,0.0386823,-0.498769,-1.36832,0.841863
-0.123397,-0.067526,-0.0195105,-0.529575,-1.35195,0.878574
-0.161312,-0.0206857,-0.066009,-0.57143,-1.26414,0.937801
-0.177036,0.0363764,-0.0997618,-0.600497,-1.13373,1.0199
-0.181356,0.0893766,-0.124528,-0.621105,-0.997956,1.10315
-0.184244,0.123534,-0.144185,-0.634816,-0.894682,1.16656
-0.172633,0.135488,-0.144341,-0.638096,-0.835263,1.19007
-0.164191,0.136148,-0.150434,-0.623144,-0.86238,1.17727
-0.192161,0.130862,-0.177623,-0.589145,-0.94486,1.15591
-0.238095,0.139461,-0.20786,-0.54024,-1.00839,1.11689
-0.341151,0.142904,-0.289603,-0.514918,-0.953442,1.07833
-0.411076,0.139296,-0.363844,-0.514631,-0.75204,1.0445
-0.445393,0.14398,-0.406022,-0.514741,-0.478483,1.02037
-0.485039,0.138691,-0.449035,-0.518928,-0.121936,0.984251
-0.481048,0.120447,-0.44517,-0.506527,0.228816,0.948659
-0.472558,0.0868863,-0.414821,-0.471879,0.443585,0.86888
-0.463713,0.0631906,-0.372245,-0.447047,0.519899,0.748928
-0.488922,0.0508294,-0.339269,-0.382937,0.550329,0.604601
-0.555008,0.0330186,-0.336546,-0.30138,0.534456,0.455445
-0.635449,0.0212122,-0.360832,-0.212346,0.598568,0.327853
-0.694543,0.0178179,-0.376691,-0.144114,0.769963,0.206581
-0.763764,0.00644994,-0.384837,-0.102138,0.981283,0.0964141
-0.784333,0.00173831,-0.354889,-0.0624965,1.26079,-0.0722393
-0.773985,0.000874519,-0.326048,-0.000825584,1.50032,-0.26113
-0.783142,-0.00824082,-0.28858,0.0927085,1.58604,-0.470717
-0.83911,-0.0225163,-0.259617,0.176448,1.61378,-0.634524
-0.88446,-0.0448706,-0.240316,0.221788,1.6999,-0.853312
-0.960632,-0.0599781,-0.199181,0.236494,1.80709,-1.1002
-1.01548,-0.0538322,-0.141944,0.282548,1.94813,-1.3641
-1.07046,-0.0440662,-0.0834556,0.348292,2.15163,-1.65048
-1.09495,-0.0229395,-0.0229948,0.379536,2.34526,-1.90723
-1.13025,-0.0167146,0.0440114,0.391905,2.52884,-2.21608
-1.16406,0.0451739,0.0780253,0.420046,2.62015,-2.49209
-1.17355,0.0926521,0.108392,0.534232,2.73606,-2.73124
-1.16925,0.139221,0.151931,0.620704,2.91628,-2.99901
-1.16607,0.198647,0.20677,0.683598,3.13487,-3.32436
-1.14416,0.265856,0.26762,0.714857,3.32799,-3.62906
-1.11924,0.338107,0.318827,0.726568,3.55113,-3.90765
-1.05531,0.452706,0.375332,0.775183,3.74159,-4.16738
-0.94718,0.59571,0.434783,0.84581,3.87087,-4.41059
-0.791712,0.752448,0.493941,0.918376,3.91254,-4.63895
-0.587551,0.908101,0.549198,0.967582,3.84316,-4.85294
-0.382152,0.974438,0.565688,1.03934,3.85735,-4.98464
-0.174181,0.971761,0.554265,1.13079,3.92115,-5.03438
0.0424311,0.918614,0.524516,1.23453,4.00196,-5.00207
0.279104,0.831318,0.484686,1.33838,4.06916,-4.88683
0.552446,0.723554,0.441607,1.42534,4.0949,-4.68652
0.799908,0.626028,0.456712,1.4536,4.01656,-4.42659
1.07199,0.422521,0.444125,1.61985,3.93236,-3.99086
1.36789,0.106276,0.412129,1.92591,3.89754,-3.45277
1.745,-0.280413,0.403517,2.09833,3.65963,-2.81442
2.09032,-0.553016,0.381687,1.97133,3.20153,-2.04235
2.53578,-0.910671,0.255447,1.4966,2.46955,-1.20861
2.89284,-1.16819,0.115299,0.780511,1.5355,-0.215347
2.97527,-1.1476,0.0678146,-0.0572484,0.455925,1.02526
2.9949,-0.874855,0.0626756,-0.512491,-0.379723,2.42419
2.92257,-0.594487,0.0454513,-0.64967,-0.930696,3.60642
2.82937,-0.357259,0.0249077,-0.531112,-1.44697,4.95332
2.56367,0.00359511,-0.0117877,-0.347972,-1.82239,6.23649
2.32392,0.246098,-0.0815395,-0.412422,-2.16928,7.43979
2.11519,0.579689,-0.100797,-0.73109,-2.90771,8.6323
1.91278,1.03679,-0.0508295,-1.03337,-3.75036,9.51258
1.6193,1.87655,0.0439761,-1.03321,-4.84022,10.2354
1.07834,2.91557,0.200646,-0.65106,-5.79115,10.5264
0.1869,3.93736,0.422514,0.115443,-6.19743,10.1214
-0.811798,3.96128,0.507807,0.937554,-5.86931,9.65419
-1.64424,3.19049,0.386391,1.33164,-4.90647,9.10564
-1.97188,2.3092,0.372408,1.22427,-3.6275,8.29115
-2.06946,1.78162,0.335229,1.14131,-3.04633,7.29697
-2.17852,1.04048,0.154536,1.10564,-2.91935,6.27372
-2.36257,0.495576,0.0924549,1.16458,-3.06676,5.27456
-2.6576,0.12486,0.106201,1.4219,-3.36306,4.60119
-3.13415,-0.648751,-0.0346456,1.76887,-3.30679,4.27562
-3.0311,-1.29777,-0.188797,1.93471,-2.86088,3.98935
-2.76203,-1.70444,-0.214237,2.10708,-2.70093,3.53422
-2.28873,-2.64607,-0.188329,2.35133,-2.94505,2.8734
-2.07729,-3.36668,-0.258174,2.36292,-2.90603,2.09922
-1.87449,-4.04737,-0.379421,1.98866,-2.16761,1.16532
-1.68091,-4.40687,-0.375458,1.36928,-1.14482,0.256674
-1.63926,-4.16243,-0.342787,0.430839,-0.151395,-0.795706
-1.86368,-3.66512,-0.43859,-0.22936,0.379488,-1.79782
-2.05043,-3.36362,-0.615386,-0.722259,0.802205,-2.84641
-2.1285,-3.12767,-0.676339,-1.13965,1.18251,-3.71789
-2.20958,-2.71849,-0.553381,-1.65081,1.72967,-4.73349
-2.40394,-2.29882,-0.22489,-2.07717,2.4083,-5.62793
-2.56366,-1.96798,0.00285459,-2.47787,3.24584,-6.42324
-3.08929,-1.20402,0.521702,-2.77099,4.05829,-7.22423
-3.43627,-0.433906,0.761271,-2.72111,4.57618,-7.89701
-3.67455,0.386329,0.826049,-2.48993,5.32201,-8.72989
-3.78475,2.91194,0.932699,-2.03274,6.12467,-9.64516
-3.25615,4.88107,0.958257,-1.31849,6.21696,-10.7877
-2.72951,3.7562,0.847707,-0.650915,5.86973,-10.0088
-2.09636,3.27204,1.09835,-0.38125,6.4628,-11.514
-1.4596,4.51137,1.35424,-0.286868,5.63118,-12.1641
-0.64347,5.3054,1.3979,-0.183221,5.01379,-12.0788
0.365937,5.0915,1.32397,0.0284781,4.59101,-11.5497
1.20288,4.22816,1.1798,-0.122116,3.91522,-11.1391
1.69245,3.16042,0.860167,-0.505458,3.38287,-10.7993
1.86748,2.30135,0.551937,-0.978777,3.13912,-10.241
1.99286,1.83191,0.354466,-0.834169,3.46846,-9.63672
2.38959,1.05677,0.183191,-0.34344,3.90404,-9.12219
2.91594,0.355946,0.0280195,0.215148,4.17685,-8.53918
3.38915,-0.0783823,-0.0777717,0.439763,4.06991,-7.65512
4.53285,-1.05248,-0.158333,0.765395,3.82789,-6.4146
5.35464,-1.83761,-0.333027,0.925238,3.70315,-5.04051
5.80709,-2.48879,-0.391901,1.00398,3.16718,-3.09665
5.67605,-3.59328,-0.531685,0.380971,2.33971,-0.657185
5.31733,-3.65578,-0.807031,0.0177553,1.39896,1.65422
4.98255,-3.02031,-0.946885,-0.349816,0.574565,4.1709
4.70468,-2.07677,-0.929743,-0.140371,-0.269174,6.30574
4.24502,-1.05082,-1.03464,1.13735,-1.28405,8.25927
3.62224,-0.166234,-1.09104,2.56403,-2.32116,10.0155
3.00066,0.502078,-1.09908,3.81111,-2.92708,11.6215
2.5718,0.941629,-1.05106,4.40586,-2.79561,13.1204
2.58486,1.28234,-1.02949,4.33925,-2.81132,15.2802
2.95308,1.94945,-1.11583,3.55419,-3.79389,17.0954
3.26015,3.25062,-1.09275,2.50905,-6.56463,17.5308
1.86439,6.76756,0.942496,2.7783,-9.3288,16.1075
-1.01589,7.75871,1.69451,4.48471,-10.7076,14.0772
-1.8461,6.86352,1.53921,5.31009,-9.69886,12.3165
-3.13156,4.60894,2.2508,5.27929,-6.69148,11.0984
-3.13653,3.24346,2.1135,4.67092,-4.57978,10.0472
-2.78618,2.43435,1.77674,3.88564,-3.54965,8.9551
-2.85,1.43308,1.58823,3.35536,-3.67027,7.64964
-3.40191,0.734613,1.63358,3.48315,-4.90809,6.25024
-3.97589,-0.0840399,1.36842,3.89434,-5.91072,5.09335
-4.00701,-1.19982,0.891188,4.5358,-6.58239,4.22973
-3.67189,-2.33803,0.59748,4.85951,-6.40124,3.46343
-3.63299,-3.56358,0.485789,4.70967,-5.45069,3.14779
-3.52174,-4.8883,0.185734,3.39643,-3.78661,3.42883
-2.87677,-5.56526,-0.0668693,1.42256,-2.07825,3.58473
-1.92684,-5.7448,-0.264786,-1.20812,-0.320688,3.09106
-1.16813,-5.30439,-0.292838,-3.14577,0.95436,1.76719
-0.931033,-4.78404,-0.491251,-3.55907,1.4672,0.105364
-0.878571,-3.68293,-0.742222,-2.73274,1.30862,-1.56323
-1.05004,-3.11453,-0.837285,-1.36022,0.703304,-2.90227
-1.31406,-2.81483,-0.880442,0.309114,-0.221807,-4.40813
-1.9396,-2.7395,-0.920815,1.26745,-0.909607,-5.5991
-2.48481,-2.66585,-0.830286,1.06124,-1.22974,-6.45769
-3.08518,-2.32915,-0.612959,-0.00381207,-0.828535,-6.98645
-3.52112,-1.7665,-0.45154,-1.2236,0.122598,-7.2044
-4.07696,-0.702006,-0.209078,-2.45314,1.7796,-7.67301
-4.40226,0.728314,0.217286,-2.92559,4.07603,-8.38258
-4.38506,2.30492,0.544706,-2.52922,5.77073,-9.35619
-4.19721,3.9078,0.836716,-1.64523,6.96177,-10.9155
-3.90702,5.44344,1.39685,-0.881961,7.08721,-11.978
-3.55524,7.78948,2.04801,-0.498203,7.16247,-12.8796
-1.85562,8.84262,2.60211,-0.25901,7.42896,-12.9186
0.849184,7.25214,1.9671,-0.414728,7.60033,-13.0494
1.96252,6.79061,1.21492,-1.22505,8.93033,-13.032
3.01476,6.35202,1.0731,-0.342871,11.4937,-12.992
5.65733,4.30788,1.14373,1.59497,12.5628,-13.2713
6.64255,2.06876,0.750592,2.84284,11.1767,-12.7791
6.83055,1.09693,0.393949,4.10406,10.1645,-12.0803
7.04421,-1.42056,-0.689837,4.17188,8.11108,-11.1531
5.51504,-2.6732,-1.70622,1.89782,5.16017,-9.51483
3.99887,-1.77957,-2.19117,-0.388402,2.93219,-7.47973
3.2751,-0.579876,-2.08827,-1.51736,1.35943,-5.83933
2.80209,0.872476,-1.47777,-1.84061,-0.0569983,-5.30738
2.08609,2.05029,0.38042,-0.937372,-0.868893,-5.58883
1.05281,2.44169,1.41753,2.82645,-1.39745,-6.06309
0.371266,1.79244,1.84057,4.94512,-2.03324,-6.58206
-0.0499502,1.48885,1.72533,4.94248,-1.87554,-6.79875
0.196517,1.32659,1.49814,3.86849,-0.659341,-6.35345
0.303447,1.42877,1.51237,4.14339,0.992746,-6.16279
0.336398,1.62386,2.24327,5.47808,2.27324,-5.70593
0.229243,1.4515,2.30643,7.22447,2.73962,-5.25257
-0.0192496,1.09715,1.9293,9.14398,2.89496,-5.00131
-0.415797,0.193245,0.846219,9.74699,2.81843,-4.3402
-1.25109,-0.443961,-0.0318055,9.99351,2.4558,-4.03238
-2.34083,-1.02649,-0.684635,9.83317,1.9293,-3.97165
-3.31543,-1.49739,-1.14712,9.0821,1.33627,-3.96582
-3.79553,-1.83071,-1.44802,7.57588,0.725349,-3.80891
-3.9699,-2.17021,-1.74729,5.56627,0.214267,-3.27483
-3.67765,-2.45,-1.78359,3.17961,-0.396492,-2.5732
-3.36182,-2.78643,-1.64304,0.859192,-1.03676,-1.43288
-3.26262,-3.2019,-1.65515,-2.05028,-2.16013,0.353327
-2.66928,-3.54652,-1.55,-4.31084,-3.42933,1.92357
-1.96744,-3.64215,-1.39111,-5.56092,-4.34958,2.42103
-1.23939,-3.73492,-0.553868,-5.63833,-5.23709,1.65046
-1.04487,-3.4441,0.214667,-5.07123,-6.30481,1.87813
-0.765555,-3.08802,0.664092,-4.19955,-7.34691,2.66533
0.288587,-2.95682,0.69926,-3.28586,-8.20362,3.4935
1.50587,-2.72991,0.800096,-2.43153,-8.52368,4.1264
2.17482,-2.77212,0.90303,-2.39563,-8.45638,4.46538
3.48002,-2.21987,0.373274,-1.83993,-7.5698,4.98837
4.42521,-1.95404,-0.324173,-1.95374,-6.63117,5.16464
5.31968,-1.57311,-0.143432,-2.70868,-5.222,4.90539
4.73043,-0.95084,0.825794,-2.36021,-4.46633,4.18447
2.79634,-0.444638,1.29609,-0.498459,-3.72138,3.99778
2.16438,-0.249421,1.31272,2.01945,-2.24993,4.19528
1.84722,-0.000102282,1.08132,4.61262,-0.796886,4.37064
1.47165,0.210461,0.452783,6.18255,0.386317,4.67613
1.07209,0.314116,-0.459386,6.49428,1.09848,4.8197
0.705942,0.477594,-1.23706,5.46419,1.0596,4.46075
0.568036,0.644457,-1.5816,3.28262,0.363727,3.97664
0.756407,0.97089,-1.78917,1.26479,-0.410526,3.18663
0.85206,1.12092,-1.30478,-0.290158,-1.15652,2.31991
0.702185,1.18774,-0.646582,-1.43449,-1.97582,1.42173
0.494826,1.28631,0.208314,-1.43385,-2.36466,1.00923
0.580814,1.38253,0.394602,-0.464013,-2.14453,0.998397
0.62277,1.4025,0.335459,0.38883,-1.69085,1.06091
0.843485,1.42044,-0.0139726,0.856701,-1.09371,0.892152
1.1323,1.50935,-0.287576,0.267215,-0.891559,0.365811
1.45349,1.45218,-0.409048,-0.767598,-0.994497,-0.469681
1.49464,1.2928,-0.33826,-1.62695,-1.21333,-1.56328
1.32609,1.1499,-0.166231,-2.07699,-1.16011,-2.31635
1.00656,0.957021,0.0374152,-2.21373,-0.85439,-2.89385
0.644767,0.762277,0.145199,-1.86869,-0.405364,-3.14789
0.434296,0.627544,0.179768,-1.04019,0.185921,-3.02969
0.305559,0.428313,0.124511,-0.0459471,0.733914,-2.74485
0.392803,0.302013,-0.016127,0.935406,1.1287,-2.48051
0.572246,0.198778,-0.142934,1.63743,1.29377,-2.35828
0.906305,0.0165176,-0.347439,1.93267,1.25223,-2.54123
1.01355,-0.082742,-0.465558,1.76047,1.0934,-2.95091
1.00847,-0.188688,-0.488419,1.14224,0.920763,-3.46618
0.814427,-0.402132,-0.474223,0.594349,0.829039,-3.85042
0.628944,-0.52995,-0.445073,0.196824,0.806334,-4.07576
0.522886,-0.574368,-0.399178,-0.104385,0.86843,-4.18834
0.442901,-0.620467,-0.33951,-0.365381,0.993948,-4.27466
0.31322,-0.683774,-0.238978,-0.578197,1.13511,-4.27511
0.11072,-0.780001,-0.144377,-0.608638,1.20078,-4.19354
-0.116925,-0.844398,-0.115915,-0.294032,1.14227,-4.00614
-0.284828,-0.887844,-0.195408,0.108596,1.06606,-3.80527
-0.484326,-0.888876,-0.404942,0.483294,0.94671,-3.59965
-0.607947,-0.82001,-0.551778,0.44758,0.865887,-3.47368
-0.653627,-0.771466,-0.58522,0.168137,0.786334,-3.36669
-0.751174,-0.687601,-0.558672,0.0511942,0.673022,-3.1833
-0.825692,-0.603933,-0.517099,0.145947,0.495986,-2.80978
-0.893933,-0.566807,-0.536815,0.247446,0.200688,-2.49085
-1.02404,-0.560437,-0.585165,0.207038,-0.179623,-2.1725
-1.2822,-0.564286,-0.632087,-0.120959,-0.600944,-1.8058
-1.38296,-0.542959,-0.659875,-0.300616,-1.04579,-1.40028
-1.25358,-0.520152,-0.600885,-0.504541,-1.68449,-0.815449
-1.00758,-0.567212,-0.42117,-0.725622,-2.39157,-0.339966
-0.749046,-0.596306,-0.227888,-0.923249,-3.02904,0.0829439
-0.530194,-0.672976,-0.083029,-1.12435,-3.44578,0.347021
-0.36561,-0.793487,-0.000573039,-1.395,-3.88762,0.631272
-0.266714,-0.940659,-0.0439875,-1.56866,-4.1911,1.07999
-0.142844,-1.09181,-0.132387,-2.14118,-4.24436,1.43974
0.00910789,-1.31118,-0.139169,-2.82582,-4.2099,1.59933
0.176226,-1.65151,0.0675749,-3.31924,-4.2516,1.5012
0.32886,-1.83336,0.376133,-3.31114,-4.45336,1.23207
0.416543,-1.8285,0.588301,-3.0761,-4.49947,0.986509
0.448798,-1.7157,0.904427,-2.77414,-4.28314,0.980638
0.352675,-1.63203,0.984471,-2.52408,-3.91119,1.31867
0.237037,-1.67829,0.995498,-2.60208,-3.38276,1.86672
0.0364726,-1.76385,1.02189,-2.82695,-2.99815,2.45876
-0.137268,-1.76525,1.04234,-2.97261,-2.87715,3.01273
-0.285656,-1.76979,1.11989,-3.05687,-2.85185,3.56441
-0.475197,-1.62234,1.2567,-2.9741,-2.71055,4.69782
-0.381182,-1.45108,1.30137,-2.82091,-2.52834,5.87474
-0.133164,-1.25096,1.22601,-2.78449,-2.30659,6.58986
0.108288,-0.959849,0.997938,-3.17875,-1.9576,6.82735
0.240463,-0.615722,0.854549,-3.743,-1.71549,6.68034
0.375308,-0.126419,0.717583,-4.33391,-1.5227,6.33187
0.398882,0.118168,0.576957,-4.8535,-1.36625,5.86116
0.312722,0.228252,0.514779,-5.43653,-1.4535,5.06908
-0.0316415,0.424957,0.410278,-5.65246,-1.69219,4.37681
-0.30044,0.761967,0.307486,-5.93834,-2.10284,3.79751
-0.406328,1.0115,0.294898,-6.24419,-2.31919,3.64135
-0.341187,1.55608,0.383202,-6.46026,-2.23807,3.42875
0.0848659,2.34257,0.653285,-6.55871,-2.04658,2.6959
0.20114,2.85732,0.76284,-6.55418,-2.67581,1.38925
-0.421368,2.81926,0.417811,-5.86554,-3.5864,-0.0263207
-0.939887,1.89055,-0.0556193,-5.14256,-3.58787,-0.475839
-1.19033,1.38775,-0.21315,-4.6073,-2.67046,-0.507839
-1.26664,1.16432,-0.461742,-3.94396,-1.60886,-0.345907
-1.18846,0.94802,-0.738769,-3.29534,-0.760039,-0.336392
-0.945684,0.687665,-0.977692,-2.71901,-0.594201,-0.480435
-0.696868,0.521684,-1.14955,-2.26301,-0.845185,-0.721577
-0.540493,0.421555,-1.23532,-1.96779,-1.4117,-1.02861
-0.583742,0.313529,-1.19463,-1.85697,-2.48765,-1.33149
-0.852784,0.386257,-0.994607,-1.86679,-3.73114,-1.4081
-1.0778,0.596547,-0.821438,-1.84759,-4.40887,-1.3064
-1.47155,1.07401,-0.59028,-1.75214,-4.15316,-1.0157
-1.71696,1.26384,-0.468854,-1.68446,-3.11562,-0.662827
-1.81639,1.30383,-0.316059,-1.62171,-1.47392,-0.364476
-1.76754,1.39858,0.0936241,-1.3879,0.311727,-0.277036
-1.43323,1.63965,0.302433,-0.881769,2.42114,-0.317108
-1.11514,1.68777,0.292053,-0.486951,4.19206,-0.586189
-0.537342,1.51938,0.29746,-0.130292,5.85573,-1.18745
-0.268144,1.24433,0.347299,0.29124,7.00507,-1.88363
0.00420238,1.00692,0.317971,0.674089,7.64505,-2.54953
0.260731,0.874726,0.311423,1.06524,7.65464,-3.12477
0.422687,0.791476,0.306329,1.42679,7.2965,-3.53618
0.53993,0.727329,0.274095,1.71769,6.54433,-3.94208
0.605991,0.732095,0.266768,1.72657,5.46935,-4.30013
0.726156,0.773031,0.34217,1.63115,4.47692,-4.56704
0.897448,0.781722,0.410824,1.45601,3.52119,-4.77624
1.09124,0.694049,0.385059,1.21033,2.55699,-4.96494
1.16618,0.568027,0.34919,0.739555,1.57457,-5.09732
1.12287,0.299632,0.302214,0.138763,0.726806,-5.1485
1.05356,0.184718,0.274736,-0.393893,0.221076,-5.11985
0.990248,0.12096,0.274584,-0.949072,-0.169579,-5.05156
0.946765,0.0242494,0.335789,-1.27747,-0.228587,-4.94848
1.0006,0.0166959,0.34721,-1.3391,-0.0253062,-4.87375
1.08604,0.0240414,0.301582,-1.19133,0.290698,-4.84593
1.11146,-0.0348217,0.250899,-1.00827,0.565921,-4.82126
1.03,-0.129867,0.206879,-0.710359,0.921963,-4.75869
0.902479,-0.211499,0.145244,-0.308405,1.32408,-4.64712
0.796821,-0.302808,0.123185,0.222895,1.70644,-4.50722
0.735761,-0.427813,0.0725852,0.782384,1.97471,-4.37548
0.704066,-0.610405,0.0115599,1.29904,2.154,-4.22523
0.686767,-0.79658,-0.0933417,1.64299,2.23449,-4.10369
0.678982,-0.917648,-0.156382,1.70708,2.1093,-3.95515
0.661492,-1.08197,-0.223208,1.50596,1.88696,-3.7329
0.623552,-1.164,-0.230268,1.06675,1.52335,-3.33169
0.619585,-1.19721,-0.229124,0.535215,1.12881,-2.82579
0.621889,-1.239,-0.260597,0.097105,0.714641,-2.32279
0.624755,-1.26209,-0.310536,-0.1663,0.366805,-1.84607
0.611229,-1.28138,-0.343535,-0.371323,0.108785,-1.46211
0.53284,-1.22685,-0.419697,-0.774083,-0.15089,-0.977657
0.445649,-1.07818,-0.374132,-1.40734,-0.403571,-0.458119
0.377743,-0.878809,-0.241453,-2.0511,-0.681788,0.13215
0.383964,-0.713767,-0.126937,-2.39016,-0.903108,0.655679
0.517851,-0.553839,-0.0100573,-2.404,-1.16582,1.26941
0.717396,-0.436879,-0.00737306,-1.93606,-1.43382,1.83638
0.92549,-0.277699,-0.0794758,-1.55275,-1.64992,2.50159
1.10654,-0.100028,-0.0379252,-1.68627,-1.90548,3.17449
1.24986,0.120263,0.0434951,-2.00058,-2.28754,3.8888
1.17953,0.314186,0.123596,-2.20309,-2.58753,4.33213
1.0533,0.422184,0.186802,-1.917,-2.66168,4.57439
0.827163,0.511164,0.224768,-1.16452,-2.51961,4.77632
0.646188,0.52132,0.182455,-0.610261,-2.26133,4.97026
0.548712,0.508619,0.151445,-0.363756,-1.99809,5.11135
0.482204,0.49295,0.110233,-0.278257,-1.78554,5.14161
0.526623,0.483457,0.0787682,-0.190594,-1.62837,5.07364
0.620729,0.493136,0.0767063,-0.0662982,-1.47725,4.92449
0.673155,0.507362,0.0518565,-0.0722249,-1.38425,4.74307
0.686528,0.485733,0.010214,-0.234855,-1.42865,4.49829
0.695135,0.417883,-0.0171975,-0.563563,-1.66129,4.22004
0.665003,0.337559,-0.0555499,-0.986344,-1.99913,3.92854
0.592191,0.308271,-0.043698,-1.52233,-2.58487,3.59021
0.476643,0.378557,-0.0152622,-1.90781,-3.17435,3.2568
0.303223,0.475367,0.0148062,-2.05825,-3.643,2.98295
0.157556,0.527055,0.0341313,-1.95502,-3.77816,2.78455
-0.0901223,0.555698,0.0018222,-1.67377,-3.58833,2.67569
-0.272843,0.492572,-0.0373893,-1.22552,-3.09303,2.59346
-0.363344,0.382074,-0.0706138,-0.751362,-2.43797,2.54446
-0.425795,0.153733,-0.130374,-0.37433,-1.74961,2.49548
-0.433249,0.00162125,-0.155591,-0.103823,-1.14445,2.40872
-0.423878,-0.0706527,-0.165617,0.0376842,-0.686357,2.30477
-0.390315,-0.195089,-0.16247,0.156054,-0.2084,2.15293
-0.376128,-0.265437,-0.148805,0.244671,0.18793,2.00299
-0.365549,-0.292961,-0.130049,0.268471,0.428133,1.87046
-0.325366,-0.321424,-0.0942992,0.291593,0.681696,1.71473
-0.276846,-0.323294,-0.0651966,0.266626,0.787343,1.5593
-0.238252,-0.289434,-0.0323421,0.201322,0.753885,1.41011
-0.228288,-0.211824,0.014979,0.102096,0.590487,1.27306
-0.218963,-0.123032,0.0603427,0.0568785,0.452731,1.177
-0.198293,0.00981629,0.103436,0.0187417,0.328733,1.06111
-0.162203,0.161635,0.158862,0.00861302,0.197459,0.962633
-0.124803,0.300826,0.188508,-0.0429384,0.0205514,0.871268
-0.0599475,0.534415,0.231718,-0.102133,-0.208139,0.790126
-0.054198,0.629809,0.254507,-0.121264,-0.459487,0.697952
-0.0554121,0.611086,0.265292,-0.0693632,-0.620703,0.574184
-0.116003,0.387116,0.22313,0.0220135,-0.621715,0.387246
-0.156155,0.123443,0.160481,0.0943076,-0.505186,0.16115
-0.148941,-0.000636458,0.121416,0.0744283,-0.373722,-0.0190138
-0.14143,-0.206977,0.0638281,0.0230346,-0.210809,-0.208849
-0.140586,-0.305349,0.0370215,-0.0510116,0.00549982,-0.353092
-0.0951904,-0.326612,0.0310516,-0.0911104,0.281008,-0.447314
-0.0351919,-0.318081,0.0384342,-0.111431,0.502019,-0.518471
0.0431545,-0.297349,0.0514681,-0.125053,0.585274,-0.568898
0.136091,-0.261837,0.0868753,-0.12714,0.41439,-0.632799
0.202584,-0.278724,0.132359,-0.110941,0.101172,-0.68562
0.237581,-0.305732,0.156295,-0.170768,-0.226974,-0.706228
0.205347,-0.313361,0.196489,-0.24123,-0.518095,-0.666382
0.155518,-0.278538,0.196754,-0.315838,-0.765075,-0.543928
0.122267,-0.230098,0.197552,-0.343164,-0.894458,-0.365933
0.07077,-0.110289,0.188082,-0.323596,-0.856146,-0.16783
0.0335662,-0.0249954,0.197991,-0.270919,-0.706346,-0.00907929
0.0255542,0.0519705,0.20562,-0.19406,-0.332931,0.179453
0.0419075,0.18635,0.208652,-0.105719,0.146562,0.370485
0.0730341,0.258316,0.220542,-0.00412822,0.607904,0.533465
0.165673,0.246265,0.186504,0.0843582,1.00795,0.644408
0.231055,0.191907,0.134278,0.0894187,1.20089,0.658041
0.282006,0.103768,0.0734056,0.0456543,1.27317,0.618678
0.314441,0.0265033,0.0063616,-0.026125,1.25906,0.538981
0.329922,-0.0306162,-0.0480367,-0.0968733,1.13203,0.429503
0.345306,-0.0925051,-0.0801715,-0.154021,0.960132,0.326292
0.366733,-0.145993,-0.101838,-0.221963,0.657527,0.191441
0.3621,-0.156627,-0.107149,-0.300877,0.260654,0.04423
0.331523,-0.145162,-0.0987835,-0.346049,-0.184778,-0.0866691
0.250972,-0.106192,-0.0701291,-0.359813,-0.555123,-0.190373
0.180251,-0.0642017,-0.0517373,-0.367301,-0.823704,-0.243542
0.122975,-0.0309697,-0.0402046,-0.349011,-1.02517,-0.26046
0.0250574,0.0341874,-0.0455275,-0.298592,-1.10742,-0.230733
-0.0304478,0.077503,-0.0441139,-0.211893,-1.10783,-0.161843
-0.0599024,0.0922478,-0.0365618,-0.137912,-1.0282,-0.0774851
-0.0984236,0.10748,-0.0401177,-0.0720357,-0.858953,0.0144328
-0.12006,0.104622,-0.0488128,-0.018615,-0.636011,0.0876866
-0.141064,0.0853313,-0.042375,0.0303287,-0.339218,0.160963
-0.149002,0.0718539,-0.034913,0.0553945,-0.0686287,0.21713
-0.1433,0.0506465,-0.0161262,0.0404124,0.24924,0.25204
-0.107722,0.0466099,-0.00453315,0.0506115,0.531491,0.2774
-0.0588214,0.0497477,0.00356236,0.0676883,0.735291,0.289512
-0.013118,0.0499573,0.0118277,0.0737612,0.817716,0.284481
0.0712628,0.0404294,0.00648779,0.0918224,0.788247,0.272804
0.140758,0.0192537,0.00889001,0.0928012,0.626587,0.244699
0.165666,-0.00535065,0.0120198,0.0782111,0.302595,0.193319
0.168606,-0.0338108,0.016597,0.0384286,-0.0694248,0.118565
0.127016,-0.0336244,0.0219443,0.00510592,-0.350417,0.0575643
0.0700384,-0.0357625,0.0212678,-0.0121449,-0.550936,0.000208618
-0.0103745,-0.0497806,0.0279482,-0.0391006,-0.604507,-0.0283581
-0.0521566,-0.0429037,0.0331484,-0.0501687,-0.536102,-0.025394
-0.0683205,-0.0273223,0.0349922,-0.0471242,-0.406773,-0.00422224
-0.0718047,-0.0152841,0.0316515,-0.0315426,-0.277595,0.0219354
-0.063553,0.00337636,0.0334434,-0.00536156,-0.0975303,0.0710145
-0.0377714,0.000977635,0.0423979,0.00474912,0.0619986,0.112713
0.00302877,0.0194364,0.0500212,0.0064795,0.151515,0.140376
0.0291772,0.0122762,0.0501051,0.0056016,0.168617,0.150529
0.047926,0.013984,0.0485857,-0.00556648,0.143701,0.150688
0.0423546,0.0202928,0.0387374,-0.0281547,0.0971354,0.142299
0.0341131,0.0114059,0.0336763,-0.0432565,0.0687968,0.135082
0.0321685,0.00903356,0.0339704,-0.0682174,0.0567842,0.128081
0.0236496,0.0114534,0.0202401,-0.082461,0.0446309,0.120242
0.0204906,0.00679731,0.0110351,-0.0985018,0.0508463,0.108473
0.0145498,0.00304842,0.0110929,-0.106197,0.0575569,0.0951874
0.00685345,0.00354862,0.00725297,-0.108387,0.0871407,0.0938229
0.00753557,-0.00108171,0.00405016,-0.0985425,0.105284,0.1043
0.00715317,-0.0150035,0.000703487,-0.0860755,0.115521,0.111525
0.00187567,-0.0180262,-0.00475519,-0.0758725,0.132964,0.114419
-0.000964781,-0.0213,-0.00472341,-0.0744514,0.143219,0.123736
-0.0106387,-0.0234975,-0.00411999,-0.0735017,0.142561,0.129004
-0.00490127,-0.00734031,-0.001743,-0.0651714,0.142187,0.141245
0.0096994,0.00524926,-0.00612509,-0.0595337,0.121074,0.15381
0.0127117,0.0130284,-0.00340366,-0.0553868,0.0866432,0.164587
0.0170961,0.0198079,-0.00504834,-0.0482085,0.0543633,0.171126
0.0135502,0.0204742,-0.00796634,-0.0372607,-0.0110023,0.171952
-0.00158497,0.0179404,-0.0100315,-0.0353446,-0.0485595,0.164451
-0.015553,0.0179718,-0.00993834,-0.0316648,-0.0638664,0.156381
-0.035257,0.0150285,-0.0100389,-0.0229012,-0.0212904,0.147736
-0.0372093,0.0157409,-0.0189191,-0.0231163,0.0306038,0.141968
-0.0335244,0.0168512,-0.0180655,-0.00743709,0.0833337,0.145297
-0.0109891,0.00862134,-0.0138045,-0.00363595,0.12403,0.142964
0.00602099,0.000723362,-0.00991269,0.00315751,0.117986,0.135801
0.0108407,0.00258374,-0.00592938,-0.00860916,0.0858851,0.11103
0.00658185,0.00317872,-0.00121132,-0.0232745,0.0433707,0.0828768
-0.00585088,0.00255227,0.000428304,-0.0271268,0.00279611,0.0650238
-0.0158404,-0.00164032,0.00263243,-0.0281942,-0.0117325,0.060794
-0.013782,0.0029304,-0.000855724,-0.0243897,0.00290882,0.0543872
-0.0176909,-0.00718331,-0.0045725,-0.0117459,0.02038,0.0514903
-0.0199991,0.000442386,-0.0089661,-0.0152501,0.0405228,0.0433321
-0.0154378,-0.00277841,-0.0158627,-0.0108326,0.0491547,0.0495896
-0.0152523,-0.00231165,-0.00747903,-0.00823378,0.0513059,0.046489
-0.00964008,-0.00602597,-0.00307748,-0.0117797,0.0586807,0.0419315
0.00198901,-0.00845742,0.00312332,-0.0142383,0.0545189,0.0374924
0.00155021,-0.00802225,0.00617076,-0.0171098,0.0417672,0.0315779
0.000830454,-0.00682235,0.00944823,-0.0136158,0.0261501,0.0284593
-0.00252598,-0.00944299,0.0107478,0.00118717,0.0220483,0.022003
0.000699637,-0.00899094,0.00761174,0.0080219,0.0254274,0.0237436
0.0047635,-0.00734013,-0.00145234,0.00941629,0.0123956,0.0264198
0.00316784,-0.000284433,-0.00566232,0.012022,-0.00173772,0.0230882
0.00758168,-0.00864297,-0.00433509,0.0169073,-0.0201209,0.0257209
0.0103977,-0.0177416,-0.000479434,0.0178815,-0.0348438,0.03038
0.00396642,-0.0129235,0.00285865,0.00873917,-0.0380119,0.0331164
-0.00199651,-0.00609708,0.01544,-0.0127498,-0.0420355,0.0327874
-0.00386383,-0.00787592,0.0121324,-0.025424,-0.0277846,0.0298437
-0.00591541,-0.00230485,0.0227285,-0.0239696,-0.0174566,0.0391501
-0.00327358,-0.00355816,0.0190448,-0.0167622,0.0170699,0.0426468
0.00245853,-0.00718755,0.0110175,0.000368377,0.0426159,0.0547749
0.00773105,-0.0122123,0.00681749,0.0023871,0.0390711,0.0640369
0.0202714,-0.0112733,-0.00134314,0.00473646,0.0246189,0.0669481
0.0288729,-0.00608832,-0.00468022,0.000815891,0.000182993,0.0677646
0.0272191,-0.00178546,-0.00177317,-0.00552774,-0.0319221,0.0662185
0.00900955,-0.0035066,0.00881791,-0.0104531,-0.0693732,0.0620359
0.0,0.0,0.0,-0.0259801,-0.0769066,0.0555855
-0.00976727,-0.000417233,0.0128583,-0.0315736,-0.0604704,0.0518787
-0.0223498,0.00149035,0.00551975,-0.029733,-0.0156564,0.0490889
-0.0264812,0.000513077,0.011559,-0.0277986,0.0502032,0.0490918
-0.00579951,0.0019964,0.00389082,-0.0283071,0.0987806,0.0533192
0.0173323,0.00241041,-0.00598688,-0.0173411,0.103566,0.0598685
0.0320022,0.00165653,-0.0124776,-0.0123578,0.0648945,0.0619009
0.033525,-0.00212598,-0.00668622,-0.0143743,0.00523431,0.0632135
0.0210968,-0.00461036,-0.00356153,-0.0187047,-0.0509312,0.056446
0.00959039,-0.00144029,-0.00234814,-0.0196996,-0.0850382,0.0457289
-0.01171,0.000537515,-0.00226469,-0.0177772,-0.0873243,0.0361033
-0.0204466,-0.00203991,0.00520486,-0.0192035,-0.0615723,0.0284929
-0.0192884,0.00216603,0.00343048,-0.0200524,-0.00795989,0.0326942
-0.00789149,0.0125849,-0.00324046,-0.00815099,0.0268712,0.0360708
0.00255466,0.00539029,-0.00807181,-0.00289732,0.0451321,0.0464199
0.00890297,0.00313437,-0.0105643,0.0044402,0.0391618,0.0582497
0.0243651,-0.00599414,-0.0038116,0.0146483,0.0205821,0.0630741
0.0177003,-0.0038569,-0.00262314,0.00661766,-0.00942215,0.0695
0.00373211,0.00155973,0.00489767,0.00723067,-0.0391038,0.0830897
-0.00571187,0.00564122,0.00302812,0.00821292,-0.0346447,0.0884087
-0.0186404,0.00848365,0.00360213,0.0171969,0.00457556,0.0911779
-0.0215932,0.00425053,-0.00197483,0.0340765,0.0518545,0.0998332
-0.00852232,0.00613868,-0.00801511,0.0410862,0.0862661,0.105896
0.00940366,0.00205266,-0.0127011,0.0469454,0.0889261,0.104913
0.0184594,-0.00209183,-0.0123047,0.048195,0.0682915,0.0923436
0.0190336,-0.00314152,0.000622643,0.0394547,0.0284981,0.0782174
0.0192904,0.00161314,-0.00200544,0.0427043,-0.0136974,0.0657171
0.0168402,-0.000244617,0.00942636,0.032396,-0.0544736,0.0523594
0.00997812,-0.00467616,0.0159482,0.0239951,-0.0915749,0.0344644
-0.00258453,0.00222087,0.0104365,0.0238941,-0.0936172,0.0280629
-0.013871,0.0040679,0.00610822,0.0372486,-0.0662326,0.0280828
-0.0195149,-0.000619769,0.00173669,0.0390808,-0.0231264,0.0306258
-0.0139508,-0.000298142,-0.00106757,0.0412706,0.0125993,0.0306279
0.0,0.0,0.0,0.0389949,0.0231903,0.0277764
0.00215121,0.00511479,0.00162886,0.0364807,0.01658,0.021997
0.00796492,0.00253701,0.00106922,0.0316704,0.00388006,0.0205491
0.00182869,-0.00445628,0.00702518,0.0242318,-0.0130897,0.015826
0.000183607,-0.00343573,0.010768,0.0128033,-0.0258572,0.0152212
-0.0121593,0.000267029,0.00813964,0.0181266,-0.0279269,0.0127161
-0.0135916,0.00618088,0.00877447,0.023333,-0.0135087,0.024403
-0.00250343,0.00443172,0.00730729,0.0387852,-0.0024221,0.0385801
0.00479181,0.00296605,0.00487011,0.0485526,0.00750516,0.0488054
0.00420185,0.00404966,0.00124985,0.0513719,-0.0178518,0.0476679
0.0,0.0,0.0,0.043955,-0.0231934,0.0368778
0.00143273,-0.0093264,-0.00704389,0.0374522,-0.0186826,0.0252864
-0.00688346,-0.0116175,-0.00588112,0.0287495,-0.0116799,0.0195029
-0.00889649,-0.00591421,0.000515629,0.01992,-0.00947751,0.00853204
-0.00694796,0.000967979,0.00560901,0.0123685,-0.00969211,-0.000921987
0.0,0.0,0.0,0.00749262,-0.00994674,-0.00215142
-0.00252077,0.00455546,0.00595376,0.0107271,-0.0172627,0.00477098
0.0010768,-0.00121754,0.0110291,0.0200727,-0.021022,0.0158339
0.00162856,0.00540853,0.0105887,0.0285949,-0.0455661,0.0236302
0.0,0.0,0.0,0.0328728,-0.0504269,0.0283458
-0.00666817,-0.00288749,-0.00212215,0.0332707,-0.0367404,0.0275356
-0.00778265,-0.0117016,0.00181751,0.0306746,-0.00665893,0.0314548
-0.00669808,-0.00867647,-0.00193526,0.0312731,0.0277481,0.0363013
0.000850124,-0.0157844,-0.00462441,0.022504,0.0589121,0.0322146
0.0121445,-0.0228499,-0.00250597,0.00933359,0.0750415,0.0232705
0.0244632,-0.0197006,0.00816864,-0.00325582,0.064347,0.0135388
0.0197188,-0.00207782,0.00616727,-0.00829698,0.0317086,0.0126523
0.0172667,0.00410569,0.00518577,-0.0059711,-0.00382427,0.0160372
0.0099159,0.00761712,0.00516783,-8.3e-05,-0.0267629,0.0256884
0.00093834,0.00592637,0.00534675,0.0111048,-0.0170237,0.0350529
-0.00296346,0.00173056,0.00670975,0.00773229,-0.00926765,0.0394633
0.0,0.0,0.0,0.0165537,0.000579705,0.0532837
0.00571459,-0.00635546,-0.0013425,0.022558,0.0103926,0.0575853
0.0109846,-0.00962025,-0.00122493,0.0178044,0.0124836,0.0577212
0.0119109,-0.00992292,-0.00712454,0.0138038,0.0123077,0.0529418
0.015571,-0.00906152,-0.0117842,0.00601449,-0.000508616,0.0430658
0.0136262,-0.000195026,-0.00702652,0.000848234,-0.0141191,0.0375953
0.0,0.0,0.0,-0.00269198,-0.0270039,0.0296061
-0.00734524,-0.00118744,0.00397895,-0.00443952,-0.0332655,0.0230963
-0.00404406,0.00309324,0.00767136,-0.00424221,-0.0270079,0.0220666
0.0,0.0,0.0,0.0051407,-0.0166967,0.0285085
0.00595867,-0.00464821,-0.00725347,0.0114047,-0.0122626,0.0377765
0.00926435,-0.00572091,-0.0111195,0.0136086,-0.0207801,0.0434894
0.00731864,-0.00554055,-0.0121433,0.0123043,-0.0332814,0.0458003
0.000355458,-0.00434011,-0.0108435,0.00802773,-0.0407981,0.044866
-0.0113942,-0.00235164,-0.00773661,0.00130083,-0.0343608,0.0408469
-0.0166092,0.00109768,-0.00618667,0.00471721,-0.0163188,0.0410079
-0.0104097,0.0032196,-0.00328971,0.0114675,0.015874,0.0437275
-0.00908966,-0.0016709,-0.00158094,0.0101808,0.0348092,0.0427555
0.0,0.0,0.0,0.00910779,0.0284276,0.0473322
0.00220402,0.00819898,0.00489239,0.0146615,0.00972657,0.0519133
0.00538884,0.0123634,0.0010496,0.0214264,-0.00881633,0.0517512
0.00452658,0.00747013,0.00468381,0.0256503,-0.0160011,0.0550943
0.0,0.0,0.0,0.0219424,-0.0200652,0.0514959
0.0,0.0,0.0,0.0194439,-0.0204474,0.0458033
-0.00744967,-0.00247657,0.000201264,0.0169233,-0.0118633,0.0366274
-0.0136945,-0.00101185,-0.00264204,0.00728229,0.0116853,0.0261739
-0.0107628,-0.00131881,-0.00249553,0.00283942,0.043024,0.0160421
0.0,0.0,0.0,-0.00084158,0.0659167,0.0171667
0.00555568,0.00343513,0.00557701,-0.00411947,0.0623257,0.02253
0.0111486,-0.00358015,0.0100963,0.00144471,0.0326906,0.0241765
0.0198066,-0.00532597,0.010484,0.00473192,-0.00861741,0.0210633
0.0127244,-0.00229043,0.0153344,0.0112633,-0.046714,0.0176184
0.00148705,-0.00823653,0.0137485,0.00866685,-0.0654755,0.00876149
-0.0032594,-0.0110623,0.00580788,0.00861266,-0.0706015,-0.00528656
-0.00753554,-0.0189927,0.0148978,0.000609944,-0.0624368,-0.0133226
-0.00681328,-0.00860041,0.0102323,-0.0126248,-0.0531089,-0.0251712
-0.00948038,0.00114477,0.00843224,-0.0224913,-0.0600452,-0.0266408
-0.0070842,0.0047133,0.0114552,-0.025918,-0.0644635,-0.0263956
-0.0121059,0.00465846,0.00664599,-0.0278497,-0.0674452,-0.0156315
-0.0130272,-0.00369364,0.017176,-0.0241673,-0.0438284,-0.00760018
-0.00381862,-0.000187993,0.0185531,-0.0256786,-0.0267547,0.00266934
0.00557121,0.00326753,0.0146513,-0.0289431,-0.0171023,0.010981
0.00518497,-0.00523162,0.00935313,-0.0305154,-0.0157559,0.0131466
0.00591354,-0.00223696,0.00695934,-0.0374782,-0.00702681,0.0116447
0.00454927,-0.00322574,0.00264125,-0.04595,-0.00201769,0.0134204
0.00757504,0.00357509,0.00372226,-0.0471985,-0.0060582,0.0205483
0.00355236,0.00401926,0.00256165,-0.0516241,-0.000101171,0.0170802
-0.0111172,0.014003,-0.00328346,-0.0531143,0.00548961,0.0118261
-0.0102972,0.0133041,-0.00345261,-0.0519593,0.0287168,0.0140734
-0.00591005,0.0161878,-0.00308106,-0.0441301,0.0577006,0.0244836
0.00921666,0.0187988,-0.00523893,-0.0438264,0.0676454,0.0321942
0.0196186,0.0167229,-0.00593234,-0.0433747,0.0567449,0.0359769
0.00983505,0.00552976,-0.00115604,-0.035098,0.0232015,0.0345986
0.00589329,0.00818133,-0.00250924,-0.0312923,-0.00120526,0.0373966
-0.00237544,0.00611758,-0.00429786,-0.0230325,-0.0112886,0.0379557
0.00116167,0.00853133,-0.00920516,-0.0174952,-0.0123801,0.0405977
-0.00165416,0.0126469,-0.00581886,-0.00850783,-0.0161297,0.0377387
0.00175426,0.00860751,-0.00658145,-0.00270082,-0.0284949,0.0413962
-0.000541443,0.0139915,-0.00825368,0.000273695,-0.0491015,0.0453623
0.0035386,0.00638175,-0.0088893,0.00939643,-0.0707216,0.0496095
0.000439364,0.00236499,-0.00871925,0.00985656,-0.0715124,0.0421375
-0.00687205,-0.00306571,-0.00688349,0.00436796,-0.0552331,0.0348841
-0.0118136,-0.00996047,-0.0072518,0.00110238,-0.0456327,0.0292713
-0.0125718,-0.00634962,-0.0115442,0.00490923,-0.0330553,0.0179884
-0.0125744,-0.00299573,-0.0102358,0.00450334,-0.0173978,0.00785707
-0.00983046,-0.000167847,-0.00584616,0.0024029,-0.0078378,0.000143242
0.0,0.0,0.0,0.00112654,-0.0135515,-0.00388478
0.0118896,0.00284314,0.00210764,0.0031892,-0.0437149,-0.00295604
0.00509221,-0.000952244,0.00127038,0.00190698,-0.0685088,-0.000214335
-0.00466872,-0.00221473,0.00299126,0.00284255,-0.090692,-0.00439755
-0.0115474,-0.0012207,0.00172272,0.000948844,-0.0798248,-0.00646861
-0.0154064,0.000950456,-0.00126287,-0.00202825,-0.0473476,-0.00820004
-0.0161045,0.00321782,-0.00469083,-0.00434605,-0.00470116,-0.0113651
-0.0134935,0.00450015,-0.00728989,-0.00426813,0.0366724,-0.0177361
-0.00791176,0.0029372,-0.00440997,-0.00378034,0.065596,-0.0243608
-0.00310524,-0.00906694,0.00427154,-0.00233757,0.0669355,-0.029003
0.00733443,-0.00430697,-0.00225847,-0.00625656,0.0592454,-0.0340357
0.0109765,-0.00265819,0.0017047,-0.00165965,0.0209206,-0.0288831
0.0158109,0.00323081,-0.00097311,0.000576301,-0.0244143,-0.0245387
0.00749821,0.00384104,0.00310853,0.00868781,-0.0630313,-0.0235199
-0.00742349,-0.00418383,0.000933103,0.00835796,-0.0630674,-0.0223389
-0.0162812,-0.0036543,-0.00295525,0.00435916,-0.0488154,-0.0217085
-0.0173442,-0.00918734,0.00131983,0.000792762,-0.0172989,-0.0204827
-0.0110185,-0.00502199,-0.00153568,-0.00273924,0.0216478,-0.0190446
-0.0096775,-0.00368577,-0.0019675,-0.00618858,0.0499704,-0.0254622
-0.00419807,-0.0055455,-0.00190851,-0.010082,0.0645746,-0.0298544
-0.000831039,-0.00416023,-0.0043224,-0.0125411,0.064144,-0.0355561
0.00598541,0.00221109,-0.00470368,-0.00971196,0.052127,-0.0301075
0.00589053,0.00386631,0.000543121,-0.00523389,0.0283021,-0.0195085
0.0136462,0.0037992,0.00473693,-0.000173643,0.0134835,-0.0148212
0.0111732,0.000825763,-0.0033869,0.00772034,-0.000528171,-0.0106422
0.0121803,-0.00517732,-0.00137216,0.0100086,-0.00484239,-0.00764683
0.00798445,-0.0108522,0.00107341,0.00352651,0.00864362,-0.00768921
0.0140829,-0.0134398,-0.00482821,-0.00628265,0.0165445,-0.00873894
0.0126026,-0.011499,-0.000955062,-0.0153637,0.0179406,-0.00724958
0.00626129,0.00246871,-0.00177072,-0.0192881,0.0232594,-0.00306283
0.00462955,0.00423777,0.00108157,-0.0207176,0.0254687,0.0042045
0.000240849,0.00558162,0.00221815,-0.0195094,0.0418011,0.016314
0.0031649,0.0107126,0.00633936,-0.02122,0.0514083,0.0249682
0.00943875,0.00658977,0.00845354,-0.0215265,0.0540498,0.032321
0.0134831,0.00191498,0.00711412,-0.0194219,0.0475577,0.0404634
0.00970504,0.00538325,0.000883797,-0.0138939,0.0297659,0.0514869
0.0116748,0.00212634,-0.000530653,-0.00770769,0.0233553,0.0579346
0.0104917,0.00135159,-0.00897325,-0.00411348,0.0176757,0.0599552
0.00443453,-0.0167063,-0.0102944,-0.00679454,0.0160319,0.0541821
-0.0014772,-0.0107829,-0.0111849,-0.0122573,0.0177865,0.0414911
-0.0124621,-0.00507313,-0.00404106,-0.0157786,0.0241388,0.0294179
-0.00861382,0.00274777,-0.00867998,-0.0136616,0.0282388,0.0187162
-0.0071518,0.0019263,-0.000547964,-0.00988439,0.033364,0.0072015
-0.00491327,0.00269759,0.00308368,-0.00839738,0.0207979,-0.000108369
0.0,0.0,0.0,-0.00816103,-0.0020881,-0.00464512
-0.00037584,-0.00445837,-0.00361375,-0.00814335,-0.0279225,-0.0078425
0.0,0.0,0.0,-0.00510321,-0.044307,-0.0112834
-0.0121097,-0.00130886,0.000180721,-4.6e-05,-0.0427347,-0.00995798
-0.0146241,-0.00399572,-0.00134719,0.00297653,-0.0258573,-0.0100085
-0.0137877,-0.013536,-0.00472124,0.00600677,-0.00155207,-0.00986581
-0.0115227,-0.0107486,-0.00690479,0.00741381,0.0220597,-0.0139372
-0.00589759,-0.00984216,-0.00022934,0.00202473,0.0371541,-0.0224739
-0.00198395,0.00512958,0.00410857,-0.00740272,0.0364565,-0.0261407
-0.00559997,0.0106013,0.00225952,-0.00332025,0.0245801,-0.0254169
-0.00590723,0.00267506,0.000139813,-0.00291137,0.0234395,-0.0278654
-0.00680978,0.0110025,0.0010475,0.000795079,0.0240107,-0.0269143
0.0,0.0,0.0,-0.000279423,0.0120724,-0.0312744
-0.00180745,0.0101547,-0.0112733,-0.00121455,-0.00997209,-0.0333325
-0.0047796,-0.00199896,-0.00641658,0.0019083,-0.0162304,-0.0402621
-0.00819519,-0.00408667,-0.00266989,-0.00406396,-0.0047276,-0.0490355
-0.016853,0.00190771,0.00450489,-0.00472825,0.0169635,-0.056215
-0.00938458,-0.000319719,-0.00181729,-0.00300498,0.0292938,-0.05925
-0.00949798,0.00141561,-0.000375248,-0.00661021,0.0311128,-0.0588476
-0.00972436,0.00348067,0.0038221,-0.00691492,0.0310878,-0.0576598
-0.0109464,0.00115108,-0.0016419,-0.000953607,0.0394856,-0.0496533
-0.010768,0.0126193,-0.00564874,0.00370671,0.0450533,-0.033231
-0.00713049,0.00416338,-0.0097712,0.00795018,0.0571473,-0.0205384
-0.00494854,0.00574553,-0.00468029,0.016613,0.0690086,-0.0155742
0.0,0.0,0.0,0.0147526,0.0667894,-0.0148382
-0.00492546,0.000415087,-0.00147968,0.0088846,0.0764757,-0.0147972
0.000547316,0.00523877,-0.00168879,0.00520646,0.0919564,-0.0140615
0.00452016,0.00347853,0.000113196,0.00646419,0.0902321,-0.0100089
0.00877135,0.00299621,0.000535136,0.0108461,0.0768491,-0.00673749
0.0107408,0.000397921,-0.00617246,0.0159907,0.0605062,0.00167249
0.00588083,-0.0017826,-0.00548065,0.0191204,0.0360266,0.00685472
0.0,0.0,0.0,0.0215549,0.0215952,0.012111
-0.00264294,-0.00851154,-0.00155382,0.024018,0.0235301,0.0140132
-0.0024672,-0.00441229,-0.000174606,0.0238655,0.0176124,0.0100432
-0.000939433,-0.00691968,0.00740554,0.0251208,0.0162233,0.00904953
-0.0102926,-0.00701481,-0.000646142,0.025903,0.017488,0.00675437
-0.00378551,-0.0111076,0.010375,0.0257556,0.0237156,0.00688384
-0.00300246,-0.0156662,0.00968901,0.0256256,0.0338304,0.00461182
0.00276245,-0.0141174,0.00886129,0.0267269,0.0344373,0.011188
0.00941572,-0.00900364,0.00808719,0.0271249,0.020469,0.0146779
0.0112925,-0.0125076,0.0109306,0.0279658,0.000306814,0.0168381
0.00849969,-0.0105069,0.0065018,0.0234719,-0.0136442,0.0140979
0.00422294,-0.00749838,0.00900647,0.01705,-0.0247572,0.0109675
-0.00570851,-0.011243,0.0116947,0.0100996,-0.0202655,0.0169508
-0.00898217,-0.00682372,0.0162055,0.0134199,-0.00998218,0.0218061
-0.00979761,-0.00107622,0.0132959,0.0158527,0.0248214,0.0334322
-0.00594184,-0.00312901,0.0112621,0.0165834,0.0589592,0.0408636
0.0024934,-0.0129683,0.013834,0.0057154,0.0893811,0.0403837
0.0126284,-0.00195009,0.0131016,-0.00765277,0.0922843,0.0397794
0.0174864,0.0107205,0.00960408,-0.0162093,0.0806665,0.0399134
0.010121,0.00582767,0.00390061,-0.01266,0.0675372,0.0416393
0.0111722,0.00911009,0.00668407,-0.00900065,0.0689189,0.0488291
0.0185303,-0.00257337,0.010006,-0.0117049,0.0627087,0.0555385
0.0294122,-0.00580239,0.00809805,-0.0192461,0.0357626,0.0504604
0.0264245,-0.00226575,0.00899368,-0.026738,-0.00300795,0.0363025
0.0101747,-0.00337237,0.0123937,-0.0317563,-0.0288446,0.0268474
0.00234342,0.00819433,0.00954717,-0.0314457,-0.0183209,0.0171743
0.00141081,0.00424373,0.00713756,-0.0300836,-0.00601382,0.0153284
0.00335993,0.00730896,0.0083604,-0.0327842,-0.00866545,0.0121032
0.00532287,0.0100629,0.00931232,-0.0353203,-0.0209255,0.00991108
0.00447334,0.00516748,0.0061177,-0.0334695,-0.0374371,0.0111619
